-- phpMyAdmin SQL Dump
-- version 5.2.1
-- https://www.phpmyadmin.net/
--
-- Host: 127.0.0.1
-- Generation Time: Apr 26, 2024 at 04:49 AM
-- Server version: 10.4.32-MariaDB
-- PHP Version: 8.2.12

SET SQL_MODE = "NO_AUTO_VALUE_ON_ZERO";
START TRANSACTION;
SET time_zone = "+00:00";


/*!40101 SET @OLD_CHARACTER_SET_CLIENT=@@CHARACTER_SET_CLIENT */;
/*!40101 SET @OLD_CHARACTER_SET_RESULTS=@@CHARACTER_SET_RESULTS */;
/*!40101 SET @OLD_COLLATION_CONNECTION=@@COLLATION_CONNECTION */;
/*!40101 SET NAMES utf8mb4 */;

--
-- Database: `pokebase`
--

-- --------------------------------------------------------

--
-- Table structure for table `battle_deck`
--

CREATE TABLE `battle_deck` (
  `Deck_ID` int(11) NOT NULL,
  `Trainer_ID` int(11) DEFAULT NULL,
  `Attacking` varchar(255) DEFAULT NULL,
  `Defensive` varchar(255) DEFAULT NULL,
  `Balance` varchar(255) DEFAULT NULL
) ENGINE=InnoDB DEFAULT CHARSET=utf8mb4 COLLATE=utf8mb4_general_ci;

-- --------------------------------------------------------

--
-- Table structure for table `game`
--

CREATE TABLE `game` (
  `Generation` int(11) NOT NULL,
  `Region` varchar(50) NOT NULL,
  `Release_Year` int(11) NOT NULL
) ENGINE=InnoDB DEFAULT CHARSET=utf8mb4 COLLATE=utf8mb4_general_ci;

--
-- Dumping data for table `game`
--

INSERT INTO `game` (`Generation`, `Region`, `Release_Year`) VALUES
(1, 'Kanto', 1996),
(2, 'Johto', 1999),
(3, 'Hoenn', 2002),
(4, 'Sinnoh', 2006),
(5, 'Unova', 2010),
(6, 'Kalos', 2013),
(7, 'Alola', 2016),
(8, 'Galar', 2019),
(9, 'Paldea', 2022);

-- --------------------------------------------------------

--
-- Table structure for table `game_names`
--

CREATE TABLE `game_names` (
  `Generation` int(11) NOT NULL,
  `Game_Name` varchar(50) NOT NULL
) ENGINE=InnoDB DEFAULT CHARSET=utf8mb4 COLLATE=utf8mb4_general_ci;

--
-- Dumping data for table `game_names`
--

INSERT INTO `game_names` (`Generation`, `Game_Name`) VALUES
(1, 'Pokémon Blue'),
(1, 'Pokémon Red'),
(1, 'Pokémon Yellow'),
(2, 'Pokémon Crystal'),
(2, 'Pokémon Gold'),
(2, 'Pokémon Silver'),
(3, 'Pokémon Emerald'),
(3, 'Pokémon Ruby'),
(3, 'Pokémon Sapphire'),
(4, 'Pokémon Diamond'),
(4, 'Pokémon Pearl'),
(4, 'Pokémon Platinum'),
(5, 'Pokémon Black'),
(5, 'Pokémon Black 2'),
(5, 'Pokémon White'),
(5, 'Pokémon White 2'),
(6, 'Pokémon X'),
(6, 'Pokémon Y'),
(7, 'Pokémon Moon'),
(7, 'Pokémon Sun'),
(7, 'Pokémon Ultra Moon'),
(7, 'Pokémon Ultra Sun'),
(8, 'Pokémon Shield'),
(8, 'Pokémon Sword'),
(9, 'Pokémon Scarlet'),
(9, 'Pokémon Violet');

-- --------------------------------------------------------

--
-- Table structure for table `immunity`
--

CREATE TABLE `immunity` (
  `Type_name` varchar(50) DEFAULT NULL,
  `Immunity_type` varchar(50) DEFAULT NULL
) ENGINE=InnoDB DEFAULT CHARSET=utf8mb4 COLLATE=utf8mb4_general_ci;

--
-- Dumping data for table `immunity`
--

INSERT INTO `immunity` (`Type_name`, `Immunity_type`) VALUES
('Bug', ''),
('Dark', 'Psychic'),
('Dragon', ''),
('Electric', ''),
('Fairy', 'Dragon'),
('Fighting', 'Normal'),
('Fire', ''),
('Flying', 'Ground'),
('Ghost', 'Normal'),
('Grass', ''),
('Ground', 'Electric'),
('Ice', ''),
('Normal', 'Ghost'),
('Poison', 'Poison'),
('Psychic', ''),
('Rock', ''),
('Steel', 'Poison'),
('Water', '');

-- --------------------------------------------------------

--
-- Table structure for table `moves`
--

CREATE TABLE `moves` (
  `Move_Name` varchar(50) NOT NULL,
  `Attack_Power` int(11) DEFAULT NULL,
  `Attack_Type` enum('Attack','Special Attack') NOT NULL,
  `Type_Of_Move` varchar(20) NOT NULL
) ENGINE=InnoDB DEFAULT CHARSET=utf8mb4 COLLATE=utf8mb4_general_ci;

--
-- Dumping data for table `moves`
--

INSERT INTO `moves` (`Move_Name`, `Attack_Power`, `Attack_Type`, `Type_Of_Move`) VALUES
('Absorb', 20, 'Special Attack', 'Grass'),
('Acid', 40, 'Special Attack', 'Poison'),
('Acid Spray', 40, 'Special Attack', 'Poison'),
('Aerial Ace', 60, 'Attack', 'Flying'),
('Agility', 0, 'Attack', 'Psychic'),
('Air Cutter', 60, 'Special Attack', 'Flying'),
('Air Slash', 75, 'Special Attack', 'Flying'),
('Ancient Power', 60, 'Special Attack', 'Rock'),
('Aqua Jet', 40, 'Attack', 'Water'),
('Aqua Tail', 90, 'Attack', 'Water'),
('Arm Thrust', 15, 'Attack', 'Fighting'),
('Astonish', 30, 'Attack', 'Ghost'),
('Aura Sphere', 80, 'Special Attack', 'Fighting'),
('Aurora Beam', 65, 'Special Attack', 'Ice'),
('Avalanche', 60, 'Attack', 'Ice'),
('Barrage', 15, 'Attack', 'Normal'),
('Barrier', 0, 'Attack', 'Psychic'),
('Bind', 15, 'Attack', 'Normal'),
('Bite', 60, 'Attack', 'Dark'),
('Blaze Kick', 85, 'Attack', 'Fire'),
('Body Slam', 85, 'Attack', 'Normal'),
('Bone Club', 65, 'Attack', 'Ground'),
('Bonemerang', 50, 'Attack', 'Ground'),
('Brave Bird', 120, 'Attack', 'Flying'),
('Brick Break', 75, 'Attack', 'Fighting'),
('Brine', 65, 'Special Attack', 'Water'),
('Bubble', 40, 'Special Attack', 'Water'),
('Bubble Beam', 65, 'Special Attack', 'Water'),
('Bullet Punch', 40, 'Attack', 'Steel'),
('Bullet Seed', 25, 'Attack', 'Grass'),
('Calm Mind', 0, 'Attack', 'Psychic'),
('Charge Beam', 50, 'Special Attack', 'Electric'),
('Charm', 0, 'Attack', 'Fairy'),
('Close Combat', 120, 'Attack', 'Fighting'),
('Collision Course', 100, 'Attack', 'Fighting'),
('Comet Punch', 18, 'Attack', 'Normal'),
('Confuse Ray', 0, 'Attack', 'Ghost'),
('Confusion', 50, 'Special Attack', 'Psychic'),
('Conversion', 0, 'Attack', 'Normal'),
('Cotton Guard', 0, 'Attack', 'Electric'),
('Cotton Spore', 0, 'Attack', 'Electric'),
('Counter', 0, 'Attack', 'Fighting'),
('Crabhammer', 100, 'Attack', 'Water'),
('Cross Chop', 100, 'Attack', 'Fighting'),
('Crunch', 80, 'Attack', 'Dark'),
('Curse', 0, 'Attack', 'Ghost'),
('Dark Pulse', 80, 'Special Attack', 'Dark'),
('Dark Void', 0, 'Attack', 'Dark'),
('Darkest Lariat', 85, 'Attack', 'Dark'),
('Defense Curl', 0, 'Attack', 'Normal'),
('Dig', 80, 'Attack', 'Ground'),
('Dive', 80, 'Attack', 'Water'),
('Double Kick', 30, 'Attack', 'Fighting'),
('Double Team', 0, 'Attack', 'Normal'),
('Double-Edge', 120, 'Attack', 'Normal'),
('Dragon Breath', 60, 'Special Attack', 'Dragon'),
('Dragon Claw', 80, 'Attack', 'Dragon'),
('Dragon Dance', 0, 'Attack', 'Dragon'),
('Dragon Darts', 50, 'Attack', 'Dragon'),
('Dragon Pulse', 85, 'Special Attack', 'Dragon'),
('Dragon Rush', 100, 'Attack', 'Dragon'),
('Dragon Tail', 60, 'Attack', 'Dragon'),
('Dream Eater', 100, 'Special Attack', 'Psychic'),
('Drill Peck', 80, 'Attack', 'Flying'),
('Drill Run', 80, 'Attack', 'Ground'),
('Dual Chop', 40, 'Attack', 'Dragon'),
('Dynamax Cannon', 100, 'Special Attack', 'Poison'),
('Dynamic Punch', 100, 'Attack', 'Fighting'),
('Earth Power', 90, 'Special Attack', 'Ground'),
('Earthquake', 100, 'Attack', 'Ground'),
('Eerie Impulse', 0, 'Attack', 'Electric'),
('Egg Bomb', 100, 'Attack', 'Normal'),
('Electro Ball', 0, 'Attack', 'Electric'),
('Electro Drift', 100, 'Special Attack', 'Electric'),
('Electroweb', 55, 'Special Attack', 'Electric'),
('Ember', 40, 'Special Attack', 'Fire'),
('Endure', 0, 'Attack', 'Normal'),
('Energy Ball', 90, 'Special Attack', 'Grass'),
('Eruption', 150, 'Attack', 'Fire'),
('Explosion', 250, 'Attack', 'Normal'),
('Extrasensory', 80, 'Special Attack', 'Psychic'),
('Fake Out', 40, 'Attack', 'Normal'),
('Feint Attack', 60, 'Attack', 'Dark'),
('Fire Blast', 110, 'Special Attack', 'Fire'),
('Fire Fang', 65, 'Attack', 'Fire'),
('Fire Punch', 75, 'Attack', 'Fire'),
('Fire Spin', 35, 'Special Attack', 'Fire'),
('Flame Burst', 70, 'Special Attack', 'Fire'),
('Flame Charge', 50, 'Attack', 'Fire'),
('Flame Wheel', 60, 'Attack', 'Fire'),
('Flamethrower', 90, 'Special Attack', 'Fire'),
('Flare Blitz', 120, 'Attack', 'Fire'),
('Flash Cannon', 80, 'Special Attack', 'Steel'),
('Fly', 90, 'Attack', 'Flying'),
('Force Palm', 60, 'Attack', 'Fighting'),
('Foul Play', 95, 'Attack', 'Dark'),
('Fury Attack', 15, 'Attack', 'Normal'),
('Fury Cutter', 40, 'Attack', 'Bug'),
('Fusion Bolt', 100, 'Attack', 'Electric'),
('Future Sight', 120, 'Special Attack', 'Psychic'),
('Gastro Acid', 0, 'Attack', 'Poison'),
('Geomancy', 0, 'Attack', 'Fairy'),
('Giga Drain', 75, 'Special Attack', 'Grass'),
('Glare', 0, 'Attack', 'Normal'),
('Grass Knot', 0, 'Special Attack', 'Grass'),
('Gravity', 0, 'Attack', 'Psychic'),
('Growl', 0, 'Special Attack', 'Normal'),
('Growth', 0, 'Attack', 'Grass'),
('Gunk Shot', 120, 'Attack', 'Poison'),
('Gust', 40, 'Attack', 'Flying'),
('Hammer Arm', 100, 'Attack', 'Fighting'),
('Harden', 0, 'Attack', 'Normal'),
('Head Smash', 150, 'Attack', 'Rock'),
('Headbutt', 70, 'Attack', 'Normal'),
('Heart Swap', 0, 'Attack', 'Psychic'),
('Heat Crash', 120, 'Attack', 'Fire'),
('Heat Wave', 95, 'Special Attack', 'Fire'),
('Hex', 65, 'Special Attack', 'Ghost'),
('Hidden Power', 60, 'Special Attack', 'Normal'),
('Hone Claws', 0, 'Attack', 'Dark'),
('Horn Attack', 65, 'Attack', 'Normal'),
('Horn Drill', 0, 'Attack', 'Normal'),
('Hurricane', 110, 'Special Attack', 'Flying'),
('Hydro Pump', 110, 'Special Attack', 'Water'),
('Hydro Vortex', 0, 'Special Attack', 'Water'),
('Hyper Beam', 150, 'Special Attack', 'Normal'),
('Hyper Fang', 80, 'Attack', 'Normal'),
('Hyper Voice', 90, 'Special Attack', 'Normal'),
('Hyperspace Hole', 80, 'Special Attack', 'Psychic'),
('Hypnosis', 0, 'Attack', 'Psychic'),
('Ice Beam', 90, 'Special Attack', 'Ice'),
('Ice Fang', 65, 'Attack', 'Ice'),
('Ice Punch', 75, 'Attack', 'Ice'),
('Ice Shard', 40, 'Attack', 'Ice'),
('Icy Wind', 55, 'Special Attack', 'Ice'),
('Inferno Overdrive', 0, 'Special Attack', 'Fire'),
('Iron Defense', 0, 'Attack', 'Steel'),
('Iron Head', 80, 'Attack', 'Steel'),
('Iron Tail', 100, 'Attack', 'Steel'),
('Judgment', 100, 'Attack', 'Normal'),
('Karate Chop', 50, 'Attack', 'Fighting'),
('Kinesis', 0, 'Attack', 'Psychic'),
('Knock Off', 65, 'Attack', 'Dark'),
('Lava Plume', 80, 'Special Attack', 'Fire'),
('Leaf Blade', 90, 'Attack', 'Grass'),
('Leaf Storm', 130, 'Special Attack', 'Grass'),
('Leech Life', 80, 'Attack', 'Bug'),
('Leech Seed', 0, 'Attack', 'Grass'),
('Leer', 0, 'Attack', 'Normal'),
('Lick', 30, 'Attack', 'Ghost'),
('Low Kick', 80, 'Attack', 'Fighting'),
('Lunar Dance', 0, 'Attack', 'Psychic'),
('Luster Purge', 70, 'Special Attack', 'Psychic'),
('Mach Punch', 40, 'Attack', 'Fighting'),
('Magical Leaf', 60, 'Special Attack', 'Grass'),
('Magnet Bomb', 60, 'Attack', 'Steel'),
('Magnet Rise', 0, 'Attack', 'Electric'),
('Magnitude', 0, 'Attack', 'Ground'),
('Mean Look', 0, 'Attack', 'Normal'),
('Mega Kick', 120, 'Attack', 'Normal'),
('Mega Punch', 80, 'Attack', 'Normal'),
('Metal Burst', 0, 'Attack', 'Steel'),
('Metal Claw', 50, 'Attack', 'Steel'),
('Meteor Mash', 100, 'Attack', 'Steel'),
('Metronome', 0, 'Attack', 'Normal'),
('Mimic', 0, 'Attack', 'Normal'),
('Mirror Coat', 0, 'Attack', 'Psychic'),
('Mist Ball', 70, 'Special Attack', 'Psychic'),
('Moonblast', 95, 'Special Attack', 'Fairy'),
('Moonlight', 0, 'Attack', 'Fairy'),
('Morning Sun', 0, 'Attack', 'Normal'),
('Mud Bomb', 65, 'Special Attack', 'Ground'),
('Mud Shot', 55, 'Attack', 'Ground'),
('Mud Slap', 20, 'Attack', 'Ground'),
('Muddy Water', 90, 'Special Attack', 'Water'),
('Night Daze', 85, 'Special Attack', 'Dark'),
('Night Shade', 0, 'Special Attack', 'Ghost'),
('Night Slash', 70, 'Attack', 'Dark'),
('Nightmare', 0, 'Attack', 'Ghost'),
('Noble Roar', 0, 'Attack', 'Normal'),
('Oblivion Wing', 80, 'Special Attack', 'Flying'),
('Outrage', 120, 'Attack', 'Dragon'),
('Overheat', 130, 'Special Attack', 'Fire'),
('Pain Split', 0, 'Attack', 'Normal'),
('Peck', 35, 'Attack', 'Flying'),
('Perish Song', 0, 'Attack', 'Normal'),
('Petal Blizzard', 90, 'Attack', 'Grass'),
('Petal Dance', 120, 'Special Attack', 'Grass'),
('Phantom Force', 90, 'Attack', 'Ghost'),
('Photon Geyser', 120, 'Special Attack', 'Psychic'),
('Pin Missile', 14, 'Attack', 'Bug'),
('Plasma Fists', 100, 'Attack', 'Electric'),
('Play Rough', 90, 'Attack', 'Fairy'),
('Poison Fang', 50, 'Attack', 'Poison'),
('Poison Gas', 0, 'Attack', 'Poison'),
('Poison Jab', 80, 'Attack', 'Poison'),
('Poison Powder', 0, 'Attack', 'Poison'),
('Poison Sting', 15, 'Attack', 'Poison'),
('Pound', 40, 'Attack', 'Normal'),
('Powder Snow', 40, 'Special Attack', 'Ice'),
('Power Gem', 70, 'Special Attack', 'Rock'),
('Power Whip', 120, 'Attack', 'Grass'),
('Prismatic Laser', 160, 'Special Attack', 'Psychic'),
('Protect', 0, 'Attack', 'Normal'),
('Psych Up', 0, 'Attack', 'Normal'),
('Psychic', 90, 'Special Attack', 'Psychic'),
('Psychic Fangs', 85, 'Attack', 'Psychic'),
('Psycho Boost', 140, 'Special Attack', 'Psychic'),
('Psywave', 0, 'Special Attack', 'Psychic'),
('Pursuit', 40, 'Attack', 'Dark'),
('Quick Attack', 40, 'Attack', 'Normal'),
('Quick Guard', 0, 'Attack', 'Fighting'),
('Rage', 20, 'Attack', 'Normal'),
('Rage Powder', 0, 'Attack', 'Bug'),
('Rapid Spin', 20, 'Attack', 'Normal'),
('Razor Leaf', 55, 'Attack', 'Grass'),
('Razor Shell', 75, 'Attack', 'Water'),
('Recycle', 0, 'Attack', 'Normal'),
('Reflect', 0, 'Attack', 'Psychic'),
('Rest', 0, 'Attack', 'Psychic'),
('Roar', 0, 'Attack', 'Normal'),
('Rock Slide', 75, 'Attack', 'Rock'),
('Rock Throw', 50, 'Attack', 'Rock'),
('Rock Tomb', 60, 'Attack', 'Rock'),
('Rollout', 30, 'Attack', 'Rock'),
('Roost', 0, 'Attack', 'Flying'),
('Sacred Fire', 100, 'Attack', 'Fire'),
('Sacred Sword', 90, 'Attack', 'Fighting'),
('Safeguard', 0, 'Attack', 'Normal'),
('Sand Attack', 0, 'Attack', 'Ground'),
('Scald', 80, 'Special Attack', 'Water'),
('Scratch', 40, 'Attack', 'Normal'),
('Screech', 0, 'Attack', 'Normal'),
('Seed Bomb', 80, 'Attack', 'Grass'),
('Seed Flare', 120, 'Special Attack', 'Grass'),
('Seismic Toss', 0, 'Attack', 'Fighting'),
('Self-Destruct', 200, 'Attack', 'Normal'),
('Shadow Ball', 80, 'Special Attack', 'Ghost'),
('Shadow Claw', 70, 'Attack', 'Ghost'),
('Shadow Punch', 60, 'Attack', 'Ghost'),
('Shadow Sneak', 40, 'Attack', 'Ghost'),
('Signal Beam', 75, 'Special Attack', 'Bug'),
('Sing', 0, 'Attack', 'Normal'),
('Sky Attack', 140, 'Attack', 'Flying'),
('Slam', 80, 'Attack', 'Normal'),
('Slash', 70, 'Attack', 'Normal'),
('Sleep Powder', 0, 'Attack', 'Grass'),
('Sludge', 65, 'Special Attack', 'Poison'),
('Sludge Bomb', 90, 'Special Attack', 'Poison'),
('Smelling Salts', 60, 'Attack', 'Normal'),
('Smog', 20, 'Attack', 'Poison'),
('Snarl', 55, 'Special Attack', 'Dark'),
('Snore', 50, 'Special Attack', 'Normal'),
('Soft- Boiled', 0, 'Attack', 'Normal'),
('Soft-Boiled', 0, 'Special Attack', 'Normal'),
('Solar Beam', 120, 'Special Attack', 'Grass'),
('Sonic Boom', 20, 'Attack', 'Normal'),
('Spark', 65, 'Attack', 'Electric'),
('Spite', 0, 'Attack', 'Ghost'),
('Splash', 0, 'Attack', 'Normal'),
('Spore', 0, 'Attack', 'Grass'),
('Stomp', 65, 'Attack', 'Normal'),
('Stone Edge', 100, 'Attack', 'Rock'),
('Strength', 80, 'Attack', 'Normal'),
('String Shot', 0, 'Attack', 'Bug'),
('Stun Spore', 0, 'Attack', 'Grass'),
('Sunny Day', 0, 'Attack', 'Fire'),
('Super Fang', 0, 'Attack', 'Normal'),
('Superpower', 120, 'Attack', 'Fighting'),
('Supersonic', 0, 'Attack', 'Normal'),
('Surf', 90, 'Special Attack', 'Water'),
('Swagger', 0, 'Attack', 'Normal'),
('Swift', 60, 'Special Attack', 'Normal'),
('Swords Dance', 0, 'Attack', 'Normal'),
('Synthesis', 0, 'Attack', 'Grass'),
('Tackle', 40, 'Attack', 'Normal'),
('Tail Whip', 0, 'Attack', 'Normal'),
('Take Down', 90, 'Attack', 'Normal'),
('Techno Blast', 120, 'Special Attack', 'Normal'),
('Teleport', 0, 'Attack', 'Psychic'),
('Thousand Arrows', 90, 'Attack', 'Ground'),
('Thunder', 110, 'Special Attack', 'Electric'),
('Thunder Fang', 65, 'Attack', 'Electric'),
('Thunder Punch', 75, 'Attack', 'Electric'),
('Thunder Shock', 40, 'Special Attack', 'Electric'),
('Thunder Wave', 0, 'Attack', 'Electric'),
('Thunderbolt', 90, 'Special Attack', 'Electric'),
('Thundershock', 40, 'Special Attack', 'Electric'),
('Toxic', 0, 'Attack', 'Poison'),
('Transform', 0, 'Attack', 'Normal'),
('Tri Attack', 80, 'Special Attack', 'Normal'),
('Triple Kick', 30, 'Attack', 'Fighting'),
('Twineedle', 25, 'Attack', 'Bug'),
('U-turn', 70, 'Attack', 'Bug'),
('Vice Grip', 55, 'Attack', 'Normal'),
('Vine Whip', 45, 'Attack', 'Grass'),
('Vital Throw', 70, 'Attack', 'Fighting'),
('Volt Switch', 70, 'Special Attack', 'Electric'),
('Volt Tackle', 120, 'Attack', 'Electric'),
('Water Gun', 40, 'Special Attack', 'Water'),
('Water Pulse', 60, 'Special Attack', 'Water'),
('Water Spout', 150, 'Special Attack', 'Water'),
('Waterfall', 80, 'Attack', 'Water'),
('Weather Ball', 50, 'Special Attack', 'Normal'),
('Whirlpool', 35, 'Special Attack', 'Water'),
('Whirlwind', 0, 'Attack', 'Normal'),
('Wild Charge', 90, 'Attack', 'Electric'),
('Will-O-Wisp', 0, 'Attack', 'Fire'),
('Wing Attack', 60, 'Attack', 'Flying'),
('Wish', 0, 'Attack', 'Normal'),
('Withdraw', 0, 'Attack', 'Water'),
('Wrap', 15, 'Attack', 'Normal'),
('X-Scissor', 80, 'Attack', 'Bug'),
('Yawn', 0, 'Attack', 'Normal'),
('Zen Headbutt', 80, 'Attack', 'Psychic');

-- --------------------------------------------------------

--
-- Table structure for table `pokemon`
--

CREATE TABLE `pokemon` (
  `name` varchar(255) NOT NULL,
  `dex_entry` int(11) NOT NULL,
  `evolved_from` int(11) DEFAULT NULL,
  `evolved_to` int(11) DEFAULT NULL
) ENGINE=InnoDB DEFAULT CHARSET=utf8mb4 COLLATE=utf8mb4_general_ci;

--
-- Dumping data for table `pokemon`
--

INSERT INTO `pokemon` (`name`, `dex_entry`, `evolved_from`, `evolved_to`) VALUES
('Bulbasaur', 1, NULL, 2),
('Ivysaur', 2, 1, 3),
('Venusaur', 3, 2, NULL),
('Charmander', 4, NULL, 5),
('Charmeleon', 5, 4, 6),
('Charizard', 6, 5, NULL),
('Squirtle', 7, NULL, 8),
('Wartortle', 8, 7, 9),
('Blastoise', 9, 8, NULL),
('Caterpie', 10, NULL, 11),
('Metapod', 11, 10, 12),
('Butterfree', 12, 11, NULL),
('Weedle', 13, NULL, 14),
('Kakuna', 14, 13, 15),
('Beedrill', 15, 14, NULL),
('Pidgey', 16, NULL, 17),
('Pidgeotto', 17, 16, 18),
('Pidgeot', 18, 17, NULL),
('Rattata', 19, NULL, 20),
('Raticate', 20, 19, NULL),
('Spearow', 21, NULL, 22),
('Fearow', 22, 21, NULL),
('Ekans', 23, NULL, 24),
('Arbok', 24, 23, NULL),
('Pikachu', 25, NULL, 26),
('Raichu', 26, 25, NULL),
('Sandshrew', 27, NULL, 28),
('Sandslash', 28, 27, NULL),
('Nidoran♀', 29, NULL, 30),
('Nidorina', 30, 29, 31),
('Nidoqueen', 31, 30, NULL),
('Nidoran♂', 32, NULL, 33),
('Nidorino', 33, 32, 34),
('Nidoking', 34, 33, NULL),
('Clefairy', 35, NULL, 36),
('Clefable', 36, 35, NULL),
('Vulpix', 37, NULL, 38),
('Ninetales', 38, 37, NULL),
('Jigglypuff', 39, NULL, 40),
('Wigglytuff', 40, 39, NULL),
('Zubat', 41, NULL, 42),
('Golbat', 42, 41, NULL),
('Oddish', 43, NULL, 44),
('Gloom', 44, 43, 45),
('Vileplume', 45, 44, NULL),
('Paras', 46, NULL, 47),
('Parasect', 47, 46, NULL),
('Venonat', 48, NULL, 49),
('Venomoth', 49, 48, NULL),
('Diglett', 50, NULL, 51),
('Dugtrio', 51, 50, NULL),
('Meowth', 52, NULL, 53),
('Persian', 53, 52, NULL),
('Psyduck', 54, NULL, 55),
('Golduck', 55, 54, NULL),
('Mankey', 56, NULL, 57),
('Primeape', 57, 56, NULL),
('Growlithe', 58, NULL, 59),
('Arcanine', 59, 58, NULL),
('Poliwag', 60, NULL, 61),
('Poliwhirl', 61, 60, 62),
('Poliwrath', 62, 61, NULL),
('Abra', 63, NULL, 64),
('Kadabra', 64, 63, 65),
('Alakazam', 65, 64, NULL),
('Machop', 66, NULL, 67),
('Machoke', 67, 66, 68),
('Machamp', 68, 67, NULL),
('Bellsprout', 69, NULL, 70),
('Weepinbell', 70, 69, 71),
('Victreebel', 71, 70, NULL),
('Tentacool', 72, NULL, 73),
('Tentacruel', 73, 72, NULL),
('Geodude', 74, NULL, 75),
('Graveler', 75, 74, 76),
('Golem', 76, 75, NULL),
('Ponyta', 77, NULL, 78),
('Rapidash', 78, 77, NULL),
('Slowpoke', 79, NULL, 80),
('Slowbro', 80, 79, NULL),
('Magnemite', 81, NULL, 82),
('Magneton', 82, 81, NULL),
('Farfetchd', 83, NULL, NULL),
('Doduo', 84, NULL, 85),
('Dodrio', 85, 84, NULL),
('Seel', 86, NULL, 87),
('Dewgong', 87, 86, NULL),
('Grimer', 88, NULL, 89),
('Muk', 89, 88, NULL),
('Shellder', 90, NULL, 91),
('Cloyster', 91, 90, NULL),
('Gastly', 92, NULL, 93),
('Haunter', 93, 92, 94),
('Gengar', 94, 93, NULL),
('Onix', 95, NULL, 96),
('Drowzee', 96, NULL, 97),
('Hypno', 97, 96, NULL),
('Krabby', 98, NULL, 99),
('Kingler', 99, 98, NULL),
('Voltorb', 100, NULL, 101),
('Electrode', 101, 100, NULL),
('Exeggcute', 102, NULL, 103),
('Exeggutor', 103, 102, NULL),
('Cubone', 104, NULL, 105),
('Marowak', 105, 104, NULL),
('Hitmonlee', 106, NULL, NULL),
('Hitmonchan', 107, NULL, NULL),
('Lickitung', 108, NULL, NULL),
('Koffing', 109, NULL, 110),
('Weezing', 110, 109, NULL),
('Rhyhorn', 111, NULL, 112),
('Rhydon', 112, 111, NULL),
('Chansey', 113, NULL, NULL),
('Tangela', 114, NULL, NULL),
('Kangaskhan', 115, NULL, NULL),
('Horsea', 116, NULL, 117),
('Seadra', 117, 116, NULL),
('Goldeen', 118, NULL, 119),
('Seaking', 119, 118, NULL),
('Staryu', 120, NULL, 121),
('Starmie', 121, 120, NULL),
('Mr. Mime', 122, NULL, NULL),
('Scyther', 123, NULL, NULL),
('Jynx', 124, NULL, NULL),
('Electabuzz', 125, NULL, NULL),
('Magmar', 126, NULL, NULL),
('Pinsir', 127, NULL, NULL),
('Tauros', 128, NULL, NULL),
('Magikarp', 129, NULL, 130),
('Gyarados', 130, 129, NULL),
('Lapras', 131, NULL, NULL),
('Ditto', 132, NULL, NULL),
('Eevee', 133, NULL, 134),
('Vaporeon', 134, 133, NULL),
('Jolteon', 135, 133, NULL),
('Flareon', 136, 133, NULL),
('Porygon', 137, NULL, NULL),
('Omanyte', 138, NULL, 139),
('Omastar', 139, 138, NULL),
('Kabuto', 140, NULL, 141),
('Kabutops', 141, 140, NULL),
('Aerodactyl', 142, NULL, NULL),
('Snorlax', 143, NULL, NULL),
('Articuno', 144, NULL, NULL),
('Zapdos', 145, NULL, NULL),
('Moltres', 146, NULL, NULL),
('Dratini', 147, NULL, 148),
('Dragonair', 148, 147, 149),
('Dragonite', 149, 148, NULL),
('Mewtwo', 150, NULL, NULL),
('Mew', 151, NULL, NULL),
('Chikorita', 152, NULL, 153),
('Bayleef', 153, 152, 154),
('Meganium', 154, 153, NULL),
('Cyndaquil', 155, NULL, 156),
('Quilava', 156, 155, 157),
('Typhlosion', 157, 156, NULL),
('Totodile', 158, NULL, 159),
('Croconaw', 159, 158, 160),
('Feraligatr', 160, 159, NULL),
('Pichu', 161, NULL, 25),
('Cleffa', 162, NULL, 35),
('Igglybuff', 163, NULL, 39),
('Togepi', 164, NULL, 165),
('Togetic', 165, 164, NULL),
('Marill', 166, NULL, 167),
('Azumarill', 167, 166, NULL),
('Sudowoodo', 168, NULL, NULL),
('Espeon', 169, 133, NULL),
('Umbreon', 170, 133, NULL),
('Murkrow', 171, NULL, 253),
('Slowking', 172, 79, NULL),
('Misdreavus', 173, NULL, 252),
('Unown', 174, NULL, NULL),
('Wobbuffet', 175, NULL, NULL),
('Gligar', 176, NULL, 266),
('Steelix', 177, 95, NULL),
('Scizor', 178, 123, NULL),
('Heracross', 179, NULL, NULL),
('Houndour', 180, NULL, 181),
('Houndoom', 181, 180, NULL),
('Kingdra', 182, 117, NULL),
('Phanpy', 183, NULL, 184),
('Donphan', 184, 183, NULL),
('Hitmontop', 185, NULL, NULL),
('Raikou', 186, NULL, NULL),
('Entei', 187, NULL, NULL),
('Suicune', 188, NULL, NULL),
('Larvitar', 189, NULL, 190),
('Pupitar', 190, 189, 191),
('Tyranitar', 191, 190, NULL),
('Lugia', 192, NULL, NULL),
('Ho-oh', 193, NULL, NULL),
('Celebi', 194, NULL, NULL),
('Treecko', 195, NULL, 196),
('Grovyle', 196, 195, 197),
('Sceptile', 197, 196, NULL),
('Torchic', 198, NULL, 199),
('Combusken', 199, 198, 200),
('Blaziken', 200, 199, NULL),
('Mudkip', 201, NULL, 202),
('Marshtomp', 202, 201, 203),
('Swampert', 203, 202, NULL),
('Ludicolo', 204, NULL, NULL),
('Taillow', 205, NULL, 206),
('Swellow', 206, 205, NULL),
('Ralts', 207, NULL, 208),
('Kirlia', 208, 207, 209),
('Gardevoir', 209, 208, NULL),
('Hariyama', 210, NULL, NULL),
('Sableye', 211, NULL, NULL),
('Aron', 212, NULL, 213),
('Lairon', 213, 212, 214),
('Aggron', 214, 213, NULL),
('Milotic', 215, NULL, NULL),
('Absol', 216, NULL, NULL),
('Glalie', 217, NULL, NULL),
('Bagon', 218, NULL, 219),
('Shelgon', 219, 218, 220),
('Salamence', 220, 219, NULL),
('Beldum', 221, NULL, 222),
('Metang', 222, 221, 223),
('Metagross', 223, 222, NULL),
('Regirock', 224, NULL, NULL),
('Regice', 225, NULL, NULL),
('Registeel', 226, NULL, NULL),
('Latias', 227, NULL, NULL),
('Latios', 228, NULL, NULL),
('Kyogre', 229, NULL, NULL),
('Groudon', 230, NULL, NULL),
('Rayquaza', 231, NULL, NULL),
('Jirachi', 232, NULL, NULL),
('Deoxys', 233, NULL, NULL),
('Turtwig', 234, NULL, 235),
('Grotle', 235, 234, 236),
('Torterra', 236, 235, NULL),
('Chimchar', 237, NULL, 238),
('Monferno', 238, 237, 239),
('Infernape', 239, 238, NULL),
('Piplup', 240, NULL, 241),
('Prinplup', 241, 240, 242),
('Empoleon', 242, 241, NULL),
('Starly', 243, NULL, 244),
('Staravia', 244, 243, 245),
('Staraptor', 245, 244, NULL),
('Shinx', 246, NULL, 247),
('Luxio', 247, 246, 248),
('Luxray', 248, 247, NULL),
('Pachirisu', 249, NULL, NULL),
('Buizel', 250, NULL, 251),
('Floatzel', 251, 250, NULL),
('Mismagius', 252, 173, NULL),
('Honchkrow', 253, 171, NULL),
('Gible', 254, NULL, 255),
('Gabite', 255, 254, 256),
('Garchomp', 256, 255, NULL),
('Munchlax', 257, NULL, 143),
('Riolu', 258, NULL, 259),
('Lucario', 259, 258, NULL),
('Rhyperior', 260, 112, NULL),
('Tangrowth', 261, 114, NULL),
('Electivire', 262, 125, NULL),
('Magmortar', 263, 126, NULL),
('Leafeon', 264, 133, NULL),
('Glaceon', 265, 133, NULL),
('Gliscor', 266, 176, NULL),
('Gallade', 267, 208, NULL),
('Dialga', 268, NULL, NULL),
('Palkia', 269, NULL, NULL),
('Heatran', 270, NULL, NULL),
('Regigigas', 271, NULL, NULL),
('Giratina', 272, NULL, NULL),
('Cresselia', 273, NULL, NULL),
('Darkrai', 274, NULL, NULL),
('Shaymin', 275, NULL, NULL),
('Arceus', 276, NULL, NULL),
('Victini', 277, NULL, NULL),
('Snivy', 278, NULL, 279),
('Servine', 279, 278, 280),
('Serperior', 280, 279, NULL),
('Tepig', 281, NULL, 282),
('Pignite', 282, 281, 283),
('Emboar', 283, 282, NULL),
('Oshawott', 284, NULL, 285),
('Dewott', 285, 284, 286),
('Samurott', 286, 285, NULL),
('Scraggy', 287, NULL, 288),
('Scrafty', 288, 287, NULL),
('Zorua', 289, NULL, 290),
('Zoroark', 290, 289, NULL),
('Cobalion', 291, NULL, NULL),
('Terrakion', 292, NULL, NULL),
('Virizion', 293, NULL, NULL),
('Reshiram', 294, NULL, NULL),
('Zekrom', 295, NULL, NULL),
('Kyurem', 296, NULL, NULL),
('Genesect', 297, NULL, NULL),
('Froakie', 298, NULL, 299),
('Frogadier', 299, 298, 300),
('Greninja', 300, 299, NULL),
('Noibat', 301, NULL, 302),
('Noivern', 302, 301, NULL),
('Xerneas', 303, NULL, NULL),
('Yveltal', 304, NULL, NULL),
('Zygarde', 305, NULL, NULL),
('Hoopa', 306, NULL, NULL),
('Litten', 307, NULL, 308),
('Torracat', 308, 307, 309),
('Incineroar', 309, 308, NULL),
('Necrozma', 310, NULL, NULL),
('Dragapult', 311, NULL, NULL),
('Zacian', 312, NULL, NULL),
('Zamazenta', 313, NULL, NULL),
('Eternatus', 314, NULL, NULL),
('Koraidon', 315, NULL, NULL),
('Miraidon', 316, NULL, NULL);

-- --------------------------------------------------------

--
-- Table structure for table `pokemon_learns_moves`
--

CREATE TABLE `pokemon_learns_moves` (
  `Dex_Entry` int(11) NOT NULL,
  `Move_Name` varchar(50) NOT NULL
) ENGINE=InnoDB DEFAULT CHARSET=utf8mb4 COLLATE=utf8mb4_general_ci;

--
-- Dumping data for table `pokemon_learns_moves`
--

INSERT INTO `pokemon_learns_moves` (`Dex_Entry`, `Move_Name`) VALUES
(1, 'Growl'),
(1, 'Tackle'),
(1, 'Vine Whip'),
(2, 'Growl'),
(2, 'Razor Leaf'),
(2, 'Tackle'),
(2, 'Vine Whip'),
(3, 'Growl'),
(3, 'Razor Leaf'),
(3, 'Solar Beam'),
(3, 'Tackle'),
(3, 'Vine Whip'),
(4, 'Growl'),
(4, 'Scratch'),
(5, 'Ember'),
(5, 'Growl'),
(5, 'Scratch'),
(6, 'Ember'),
(6, 'Flamethrower'),
(6, 'Growl'),
(6, 'Scratch'),
(7, 'Tackle'),
(7, 'Tail Whip'),
(8, 'Tackle'),
(8, 'Tail Whip'),
(8, 'Water Gun'),
(9, 'Hydro Pump'),
(9, 'Tackle'),
(9, 'Tail Whip'),
(9, 'Water Gun'),
(10, 'String Shot'),
(10, 'Tackle'),
(11, 'Harden'),
(11, 'String Shot'),
(12, 'Gust'),
(12, 'Harden'),
(12, 'String Shot'),
(12, 'Tackle'),
(13, 'Poison Sting'),
(13, 'String Shot'),
(14, 'Harden'),
(14, 'String Shot'),
(15, 'Fury Attack'),
(15, 'Poison Sting'),
(15, 'Twineedle'),
(16, 'Sand Attack'),
(16, 'Tackle'),
(17, 'Sand Attack'),
(17, 'Tackle'),
(17, 'Wing Attack'),
(18, 'Fly'),
(18, 'Sand Attack'),
(18, 'Tackle'),
(18, 'Wing Attack'),
(19, 'Tackle'),
(19, 'Tail Whip'),
(20, 'Hyper Fang'),
(20, 'Super Fang'),
(20, 'Tackle'),
(20, 'Tail Whip'),
(21, 'Growl'),
(21, 'Peck'),
(22, 'Drill Peck'),
(22, 'Growl'),
(22, 'Peck'),
(23, 'Leer'),
(23, 'Wrap'),
(24, 'Glare'),
(24, 'Leer'),
(24, 'Wrap'),
(25, 'Growl'),
(25, 'Thundershock'),
(26, 'Growl'),
(26, 'Thunderbolt'),
(27, 'Defense Curl'),
(27, 'Scratch'),
(28, 'Defense Curl'),
(28, 'Earthquake'),
(28, 'Scratch'),
(28, 'Slash'),
(29, 'Growl'),
(29, 'Scratch'),
(30, 'Growl'),
(30, 'Poison Sting'),
(30, 'Scratch'),
(31, 'Earthquake'),
(31, 'Growl'),
(31, 'Poison Sting'),
(31, 'Scratch'),
(32, 'Leer'),
(32, 'Scratch'),
(33, 'Leer'),
(33, 'Poison Sting'),
(33, 'Scratch'),
(34, 'Earthquake'),
(34, 'Leer'),
(34, 'Poison Sting'),
(34, 'Scratch'),
(35, 'Growl'),
(35, 'Pound'),
(36, 'Growl'),
(36, 'Moonblast'),
(36, 'Pound'),
(37, 'Ember'),
(37, 'Tail Whip'),
(38, 'Ember'),
(38, 'Fire Spin'),
(38, 'Tail Whip'),
(39, 'Pound'),
(39, 'Sing'),
(40, 'Hyper Voice'),
(40, 'Pound'),
(40, 'Sing'),
(41, 'Leech Life'),
(41, 'Supersonic'),
(42, 'Leech Life'),
(42, 'Poison Fang'),
(42, 'Supersonic'),
(42, 'Wing Attack'),
(43, 'Absorb'),
(43, 'Acid'),
(44, 'Absorb'),
(44, 'Acid'),
(45, 'Petal Dance'),
(45, 'Solar Beam'),
(46, 'Scratch'),
(46, 'Stun Spore'),
(47, 'Rage Powder'),
(47, 'Scratch'),
(47, 'Spore'),
(47, 'Stun Spore'),
(48, 'Supersonic'),
(48, 'Tackle'),
(49, 'Poison Powder'),
(49, 'Signal Beam'),
(49, 'Supersonic'),
(49, 'Tackle'),
(50, 'Dig'),
(50, 'Scratch'),
(51, 'Earthquake'),
(51, 'Rock Slide'),
(52, 'Bite'),
(52, 'Scratch'),
(53, 'Feint Attack'),
(53, 'Slash'),
(54, 'Scratch'),
(54, 'Tail Whip'),
(55, 'Confusion'),
(55, 'Hydro Pump'),
(56, 'Low Kick'),
(56, 'Scratch'),
(57, 'Cross Chop'),
(57, 'Seismic Toss'),
(58, 'Ember'),
(58, 'Leer'),
(59, 'Flame Wheel'),
(59, 'Flamethrower'),
(60, 'Bubble'),
(60, 'Water Gun'),
(61, 'Hypnosis'),
(61, 'Water Pulse'),
(62, 'Hydro Pump'),
(62, 'Surf'),
(63, 'Kinesis'),
(63, 'Teleport'),
(64, 'Kinesis'),
(64, 'Teleport'),
(65, 'Calm Mind'),
(65, 'Psychic'),
(66, 'Karate Chop'),
(66, 'Low Kick'),
(67, 'Seismic Toss'),
(67, 'Vital Throw'),
(68, 'Cross Chop'),
(68, 'Dynamic Punch'),
(69, 'Growth'),
(69, 'Vine Whip'),
(70, 'Acid'),
(70, 'Poison Powder'),
(71, 'Petal Dance'),
(71, 'Sludge Bomb'),
(72, 'Acid'),
(72, 'Bubble Beam'),
(73, 'Barrier'),
(73, 'Hydro Pump'),
(74, 'Rock Throw'),
(74, 'Tackle'),
(75, 'Magnitude'),
(75, 'Self-Destruct'),
(76, 'Earthquake'),
(76, 'Stone Edge'),
(77, 'Ember'),
(77, 'Stomp'),
(78, 'Fire Spin'),
(78, 'Flame Charge'),
(79, 'Growl'),
(79, 'Water Gun'),
(80, 'Psychic'),
(80, 'Surf'),
(81, 'Tackle'),
(81, 'Thunder Shock'),
(82, 'Magnet Bomb'),
(82, 'Screech'),
(83, 'Peck'),
(83, 'Sand Attack'),
(84, 'Growl'),
(84, 'Peck'),
(85, 'Drill Peck'),
(85, 'Tri Attack'),
(86, 'Growl'),
(86, 'Headbutt'),
(87, 'Aurora Beam'),
(87, 'Dive'),
(88, 'Poison Gas'),
(88, 'Pound'),
(89, 'Acid Spray'),
(89, 'Sludge Bomb'),
(90, 'Tackle'),
(90, 'Withdraw'),
(91, 'Hydro Pump'),
(91, 'Ice Beam'),
(92, 'Lick'),
(92, 'Night Shade'),
(93, 'Mean Look'),
(93, 'Shadow Ball'),
(94, 'Curse'),
(94, 'Shadow Punch'),
(95, 'Bind'),
(95, 'Tackle'),
(96, 'Hypnosis'),
(96, 'Pound'),
(97, 'Dream Eater'),
(97, 'Psychic'),
(98, 'Bubble'),
(98, 'Leer'),
(99, 'Crabhammer'),
(99, 'Protect'),
(100, 'Sonic Boom'),
(100, 'Tackle'),
(101, 'Explosion'),
(101, 'Thunderbolt'),
(102, 'Barrage'),
(102, 'Leech Seed'),
(103, 'Psychic'),
(103, 'Solar Beam'),
(104, 'Bone Club'),
(104, 'Growl'),
(105, 'Bonemerang'),
(105, 'Earthquake'),
(106, 'Brick Break'),
(106, 'Low Kick'),
(107, 'Fire Punch'),
(107, 'Thunder Punch'),
(108, 'Lick'),
(108, 'Slam'),
(109, 'Smog'),
(109, 'Tackle'),
(110, 'Sludge'),
(110, 'Toxic'),
(111, 'Horn Drill'),
(111, 'Stomp'),
(112, 'Drill Run'),
(112, 'Earthquake'),
(112, 'Rock Slide'),
(112, 'Stomp'),
(113, 'Egg Bomb'),
(113, 'Soft-Boiled'),
(114, 'Giga Drain'),
(114, 'Power Whip'),
(114, 'Sleep Powder'),
(114, 'Vine Whip'),
(115, 'Comet Punch'),
(115, 'Mega Punch'),
(116, 'Bubble'),
(116, 'Water Gun'),
(117, 'Dragon Pulse'),
(117, 'Hydro Pump'),
(118, 'Peck'),
(118, 'Tail Whip'),
(119, 'Horn Drill'),
(119, 'Waterfall'),
(120, 'Rapid Spin'),
(120, 'Water Gun'),
(121, 'Hydro Pump'),
(121, 'Thunderbolt'),
(122, 'Barrier'),
(122, 'Psychic'),
(123, 'Slash'),
(123, 'Wing Attack'),
(124, 'Ice Punch'),
(124, 'Powder Snow'),
(125, 'Electro Ball'),
(125, 'Thunder Punch'),
(125, 'Thunder Shock'),
(126, 'Ember'),
(126, 'Fire Punch'),
(126, 'Flame Burst'),
(126, 'Lava Plume'),
(127, 'Seismic Toss'),
(127, 'Vice Grip'),
(128, 'Rage'),
(128, 'Tackle'),
(129, 'Splash'),
(129, 'Tackle'),
(130, 'Dragon Dance'),
(130, 'Hydro Pump'),
(131, 'Ice Beam'),
(131, 'Water Gun'),
(132, 'Transform'),
(133, 'Growl'),
(133, 'Quick Attack'),
(133, 'Sand Attack'),
(133, 'Tackle'),
(134, 'Aurora Beam'),
(134, 'Water Gun'),
(135, 'Pin Missile'),
(135, 'Thunder Shock'),
(136, 'Ember'),
(136, 'Fire Spin'),
(137, 'Conversion'),
(137, 'Tackle'),
(138, 'Water Gun'),
(138, 'Withdraw'),
(139, 'Hydro Pump'),
(139, 'Rock Slide'),
(140, 'Harden'),
(140, 'Scratch'),
(141, 'Ancient Power'),
(141, 'Surf'),
(142, 'Rock Slide'),
(142, 'Wing Attack'),
(143, 'Body Slam'),
(143, 'Rest'),
(144, 'Gust'),
(144, 'Ice Beam'),
(145, 'Drill Peck'),
(145, 'Thunder Shock'),
(146, 'Ember'),
(146, 'Fire Spin'),
(147, 'Thunder Wave'),
(147, 'Wrap'),
(148, 'Dragon Pulse'),
(148, 'Slam'),
(149, 'Hyper Beam'),
(149, 'Outrage'),
(150, 'Confusion'),
(150, 'Psychic'),
(151, 'Psychic'),
(151, 'Transform'),
(152, 'Growl'),
(152, 'Tackle'),
(153, 'Razor Leaf'),
(153, 'Synthesis'),
(154, 'Petal Blizzard'),
(154, 'Solar Beam'),
(155, 'Leer'),
(155, 'Tackle'),
(156, 'Flame Wheel'),
(156, 'Quick Attack'),
(157, 'Eruption'),
(157, 'Flamethrower'),
(158, 'Leer'),
(158, 'Scratch'),
(159, 'Bite'),
(159, 'Water Gun'),
(160, 'Aqua Tail'),
(160, 'Hydro Pump'),
(161, 'Charm'),
(161, 'Thunder Shock'),
(162, 'Pound'),
(162, 'Sing'),
(163, 'Defense Curl'),
(163, 'Sing'),
(164, 'Charm'),
(164, 'Metronome'),
(165, 'Ancient Power'),
(165, 'Magical Leaf'),
(166, 'Defense Curl'),
(166, 'Tackle'),
(167, 'Bubble Beam'),
(167, 'Water Gun'),
(168, 'Mimic'),
(168, 'Rock Throw'),
(169, 'Confusion'),
(169, 'Morning Sun'),
(170, 'Moonlight'),
(170, 'Pursuit'),
(171, 'Astonish'),
(171, 'Peck'),
(172, 'Confusion'),
(172, 'Water Gun'),
(173, 'Growl'),
(173, 'Psywave'),
(174, 'Hidden Power'),
(175, 'Counter'),
(175, 'Mirror Coat'),
(176, 'Earthquake'),
(176, 'Harden'),
(176, 'Night Slash'),
(176, 'Poison Sting'),
(176, 'Sand Attack'),
(177, 'Bind'),
(177, 'Harden'),
(178, 'Fury Cutter'),
(178, 'Metal Claw'),
(179, 'Horn Attack'),
(179, 'Tackle'),
(180, 'Ember'),
(180, 'Leer'),
(181, 'Crunch'),
(181, 'Fire Fang'),
(182, 'Bubble Beam'),
(182, 'Water Gun'),
(183, 'Growl'),
(183, 'Tackle'),
(184, 'Earthquake'),
(184, 'Rollout'),
(185, 'Rapid Spin'),
(185, 'Triple Kick'),
(186, 'Bite'),
(186, 'Thunder Shock'),
(187, 'Bite'),
(187, 'Ember'),
(188, 'Aurora Beam'),
(188, 'Bubble Beam'),
(189, 'Bite'),
(189, 'Leer'),
(190, 'Rock Slide'),
(190, 'Screech'),
(191, 'Hyper Beam'),
(191, 'Stone Edge'),
(192, 'Safeguard'),
(192, 'Whirlwind'),
(193, 'Sacred Fire'),
(193, 'Sunny Day'),
(194, 'Confusion'),
(194, 'Leech Seed'),
(195, 'Leer'),
(195, 'Pound'),
(196, 'Absorb'),
(196, 'Quick Attack'),
(197, 'Agility'),
(197, 'Leaf Blade'),
(198, 'Growl'),
(198, 'Scratch'),
(199, 'Double Kick'),
(199, 'Ember'),
(200, 'Blaze Kick'),
(200, 'Flamethrower'),
(201, 'Growl'),
(201, 'Tackle'),
(202, 'Mud Slap'),
(202, 'Water Gun'),
(203, 'Earthquake'),
(203, 'Mud Shot'),
(204, 'Absorb'),
(204, 'Astonish'),
(205, 'Growl'),
(205, 'Peck'),
(206, 'Quick Attack'),
(206, 'Wing Attack'),
(207, 'Confusion'),
(207, 'Growl'),
(208, 'Double Team'),
(208, 'Magical Leaf'),
(208, 'Psychic'),
(208, 'Slash'),
(208, 'Swords Dance'),
(209, 'Future Sight'),
(209, 'Moonblast'),
(210, 'Arm Thrust'),
(210, 'Smelling Salts'),
(211, 'Astonish'),
(211, 'Shadow Sneak'),
(212, 'Harden'),
(212, 'Tackle'),
(213, 'Headbutt'),
(213, 'Metal Claw'),
(214, 'Earthquake'),
(214, 'Iron Head'),
(215, 'Water Gun'),
(215, 'Water Pulse'),
(216, 'Quick Attack'),
(216, 'Scratch'),
(217, 'Ice Fang'),
(217, 'Ice Shard'),
(218, 'Bite'),
(218, 'Rage'),
(219, 'Dragon Claw'),
(219, 'Headbutt'),
(220, 'Fly'),
(220, 'Outrage'),
(221, 'Iron Head'),
(221, 'Take Down'),
(222, 'Bullet Punch'),
(222, 'Zen Headbutt'),
(223, 'Explosion'),
(223, 'Meteor Mash'),
(224, 'Stomp'),
(224, 'Superpower'),
(225, 'Icy Wind'),
(225, 'Superpower'),
(226, 'Metal Claw'),
(226, 'Superpower'),
(227, 'Dragon Pulse'),
(227, 'Mist Ball'),
(228, 'Dragon Pulse'),
(228, 'Luster Purge'),
(229, 'Hydro Pump'),
(229, 'Water Spout'),
(230, 'Earthquake'),
(230, 'Eruption'),
(231, 'Dragon Dance'),
(231, 'Hyper Beam'),
(232, 'Confusion'),
(232, 'Wish'),
(233, 'Psychic'),
(233, 'Psycho Boost'),
(234, 'Tackle'),
(234, 'Withdraw'),
(235, 'Curse'),
(235, 'Razor Leaf'),
(236, 'Earthquake'),
(236, 'Giga Drain'),
(237, 'Leer'),
(237, 'Scratch'),
(238, 'Ember'),
(238, 'Mach Punch'),
(239, 'Close Combat'),
(239, 'Flamethrower'),
(240, 'Growl'),
(240, 'Pound'),
(241, 'Bubble Beam'),
(241, 'Water Gun'),
(242, 'Drill Peck'),
(242, 'Surf'),
(243, 'Growl'),
(243, 'Tackle'),
(244, 'Quick Attack'),
(244, 'Wing Attack'),
(245, 'Brave Bird'),
(245, 'Close Combat'),
(246, 'Leer'),
(246, 'Tackle'),
(247, 'Spark'),
(247, 'Thunder Fang'),
(248, 'Ice Fang'),
(248, 'Wild Charge'),
(249, 'Quick Attack'),
(249, 'Spark'),
(250, 'Growl'),
(250, 'Water Gun'),
(251, 'Aqua Jet'),
(251, 'Water Pulse'),
(252, 'Confuse Ray'),
(252, 'Magical Leaf'),
(252, 'Shadow Ball'),
(252, 'Will-O-Wisp'),
(253, 'Astonish'),
(253, 'Dark Pulse'),
(253, 'Night Shade'),
(253, 'Peck'),
(254, 'Sand Attack'),
(254, 'Tackle'),
(255, 'Dragon Breath'),
(255, 'Take Down'),
(256, 'Earthquake'),
(256, 'Outrage'),
(257, 'Lick'),
(257, 'Recycle'),
(258, 'Endure'),
(258, 'Quick Attack'),
(259, 'Aura Sphere'),
(259, 'Force Palm'),
(260, 'Fury Attack'),
(260, 'Peck'),
(261, 'Sleep Powder'),
(261, 'Stun Spore'),
(262, 'Leer'),
(262, 'Quick Attack'),
(263, 'Ember'),
(263, 'Smog'),
(264, 'Tackle'),
(264, 'Tail Whip'),
(265, 'Tackle'),
(265, 'Tail Whip'),
(266, 'Earthquake'),
(266, 'Quick Attack'),
(266, 'Sand Attack'),
(266, 'X-Scissor'),
(267, 'Growl'),
(267, 'Teleport'),
(268, 'Dragon Breath'),
(268, 'Metal Claw'),
(269, 'Dragon Breath'),
(269, 'Water Pulse'),
(270, 'Ancient Power'),
(270, 'Flame Charge'),
(271, 'Knock Off'),
(271, 'Stomp'),
(272, 'Dragon Breath'),
(272, 'Shadow Sneak'),
(273, 'Lunar Dance'),
(273, 'Moonblast'),
(274, 'Dark Void'),
(274, 'Nightmare'),
(275, 'Magical Leaf'),
(275, 'Seed Flare'),
(276, 'Judgment'),
(276, 'Seismic Toss'),
(277, 'Confusion'),
(277, 'Headbutt'),
(278, 'Leer'),
(278, 'Tackle'),
(279, 'Growth'),
(279, 'Vine Whip'),
(280, 'Giga Drain'),
(280, 'Leaf Storm'),
(281, 'Tackle'),
(281, 'Tail Whip'),
(282, 'Ember'),
(282, 'Flame Charge'),
(283, 'Flare Blitz'),
(283, 'Heat Crash'),
(284, 'Tackle'),
(284, 'Tail Whip'),
(285, 'Water Gun'),
(285, 'Water Pulse'),
(286, 'Hydro Pump'),
(286, 'Razor Shell'),
(287, 'Headbutt'),
(287, 'Sand Attack'),
(288, 'Brick Break'),
(288, 'Swagger'),
(289, 'Leer'),
(289, 'Scratch'),
(290, 'Feint Attack'),
(290, 'Night Daze'),
(291, 'Metal Burst'),
(291, 'Sacred Sword'),
(292, 'Quick Attack'),
(292, 'Sacred Sword'),
(293, 'Quick Attack'),
(293, 'Swords Dance'),
(294, 'Dragon Breath'),
(294, 'Flamethrower'),
(295, 'Dragon Breath'),
(295, 'Fusion Bolt'),
(296, 'Dragon Breath'),
(296, 'Fusion Bolt'),
(297, 'Magnet Bomb'),
(297, 'Techno Blast'),
(298, 'Growl'),
(298, 'Pound'),
(299, 'Bubble'),
(299, 'Water Pulse'),
(300, 'Hydro Pump'),
(300, 'Waterfall'),
(301, 'Leech Life'),
(301, 'Tackle'),
(302, 'Air Cutter'),
(302, 'Dragon Pulse'),
(303, 'Geomancy'),
(303, 'Moonblast'),
(304, 'Dark Pulse'),
(304, 'Oblivion Wing'),
(305, 'Outrage'),
(305, 'Thousand Arrows'),
(306, 'Hyperspace Hole'),
(306, 'Shadow Ball'),
(307, 'Ember'),
(307, 'Scratch'),
(308, 'Bite'),
(308, 'Flame Charge'),
(309, 'Darkest Lariat'),
(309, 'Flare Blitz'),
(310, 'Photon Geyser'),
(310, 'Prismatic Laser'),
(311, 'Astonish'),
(311, 'Dragon Darts'),
(312, 'Iron Head'),
(312, 'Sacred Sword'),
(313, 'Close Combat'),
(313, 'Iron Head'),
(314, 'Dragon Pulse'),
(314, 'Dynamax Cannon'),
(315, 'Collision Course'),
(315, 'Dragon Claw'),
(316, 'Dragon Pulse'),
(316, 'Electro Drift');

-- --------------------------------------------------------

--
-- Table structure for table `pokemon_stats`
--

CREATE TABLE `pokemon_stats` (
  `Dex_No` int(11) NOT NULL,
  `HP` int(11) NOT NULL,
  `Attack` int(11) NOT NULL,
  `Defense` int(11) NOT NULL,
  `Special_Attack` int(11) NOT NULL,
  `Special_Defense` int(11) NOT NULL,
  `Speed` int(11) NOT NULL,
  `Ability` varchar(50) NOT NULL
) ENGINE=InnoDB DEFAULT CHARSET=utf8mb4 COLLATE=utf8mb4_general_ci;

--
-- Dumping data for table `pokemon_stats`
--

INSERT INTO `pokemon_stats` (`Dex_No`, `HP`, `Attack`, `Defense`, `Special_Attack`, `Special_Defense`, `Speed`, `Ability`) VALUES
(1, 45, 49, 49, 65, 65, 45, 'Overgrow'),
(2, 60, 62, 63, 80, 80, 60, 'Overgrow'),
(3, 80, 82, 83, 100, 100, 80, 'Overgrow'),
(4, 39, 52, 43, 60, 50, 65, 'Blaze'),
(5, 58, 64, 58, 80, 65, 80, 'Blaze'),
(6, 78, 84, 78, 109, 85, 100, 'Blaze'),
(7, 44, 48, 65, 50, 64, 43, 'Torrent'),
(8, 59, 63, 80, 65, 80, 58, 'Torrent'),
(9, 79, 83, 100, 85, 105, 78, 'Torrent'),
(10, 45, 30, 35, 20, 20, 45, 'Shield Dust'),
(11, 50, 20, 55, 25, 25, 30, 'Shed Skin'),
(12, 60, 45, 50, 90, 80, 70, 'Compound Eyes'),
(13, 40, 35, 30, 20, 20, 50, 'Shield Dust'),
(14, 45, 25, 50, 25, 25, 35, 'Shed Skin'),
(15, 65, 90, 40, 45, 80, 75, 'Swarm'),
(16, 40, 45, 40, 35, 35, 56, 'Keen Eye'),
(17, 63, 60, 55, 50, 50, 71, 'Keen Eye'),
(18, 83, 80, 75, 70, 70, 101, 'Keen Eye'),
(19, 30, 56, 35, 25, 35, 72, 'Run Away'),
(20, 55, 81, 60, 50, 70, 97, 'Run Away'),
(21, 40, 60, 30, 31, 31, 70, 'Keen Eye'),
(22, 65, 90, 65, 61, 61, 100, 'Keen Eye'),
(23, 35, 60, 44, 40, 54, 55, 'Intimidate'),
(24, 60, 95, 69, 65, 79, 80, 'Intimidate'),
(25, 35, 55, 40, 50, 50, 90, 'Static'),
(26, 60, 90, 55, 90, 80, 110, 'Static'),
(27, 50, 75, 85, 20, 30, 40, 'Sand Veil'),
(28, 75, 100, 110, 45, 65, 65, 'Sand Veil'),
(29, 55, 47, 52, 40, 40, 41, 'Poison Point'),
(30, 70, 62, 67, 55, 55, 56, 'Poison Point'),
(31, 90, 92, 87, 75, 85, 76, 'Poison Point'),
(32, 46, 57, 40, 40, 40, 50, 'Poison Point'),
(33, 61, 72, 57, 55, 55, 65, 'Poison Point'),
(34, 81, 102, 77, 85, 75, 85, 'Poison Point'),
(35, 70, 45, 48, 60, 65, 35, 'Cute Charm'),
(36, 95, 70, 73, 95, 90, 60, 'Cute Charm'),
(37, 38, 41, 40, 50, 65, 65, 'Flash Fire'),
(38, 73, 76, 75, 81, 100, 100, 'Flash Fire'),
(39, 115, 45, 20, 45, 25, 20, 'Cute Charm'),
(40, 140, 70, 45, 85, 50, 45, 'Cute Charm'),
(41, 40, 45, 35, 30, 40, 55, 'Inner Focus'),
(42, 75, 80, 70, 65, 75, 90, 'Inner Focus'),
(43, 45, 50, 55, 75, 65, 30, 'Chlorophyll'),
(44, 60, 65, 70, 85, 75, 40, 'Chlorophyll'),
(45, 75, 80, 85, 110, 90, 50, 'Chlorophyll'),
(46, 35, 70, 55, 45, 55, 25, 'Effect Spore'),
(47, 60, 95, 80, 60, 80, 30, 'Effect Spore'),
(48, 60, 55, 50, 40, 55, 45, 'Compound Eyes'),
(49, 70, 65, 60, 90, 75, 90, 'Shield Dust'),
(50, 10, 55, 25, 35, 45, 95, 'Sand Veil'),
(51, 35, 100, 50, 50, 70, 120, 'Sand Veil'),
(52, 40, 45, 35, 40, 40, 90, 'Pickup'),
(53, 65, 70, 60, 65, 65, 115, 'Limber'),
(54, 50, 52, 48, 65, 50, 55, 'Damp'),
(55, 80, 82, 78, 95, 80, 85, 'Damp'),
(56, 40, 80, 35, 35, 45, 70, 'Vital Spirit'),
(57, 65, 105, 60, 60, 70, 95, 'Vital Spirit'),
(58, 55, 70, 45, 70, 50, 60, 'Intimidate'),
(59, 90, 110, 80, 100, 80, 95, 'Intimidate'),
(60, 40, 50, 40, 40, 40, 90, 'Water Absorb'),
(61, 65, 65, 65, 50, 50, 90, 'Water Absorb'),
(62, 90, 95, 95, 70, 90, 70, 'Water Absorb'),
(63, 25, 20, 15, 105, 55, 90, 'Synchronize'),
(64, 40, 35, 30, 120, 70, 105, 'Synchronize'),
(65, 55, 50, 45, 135, 95, 120, 'Synchronize'),
(66, 70, 80, 50, 35, 35, 35, 'Guts'),
(67, 80, 100, 70, 50, 60, 45, 'Guts'),
(68, 90, 130, 80, 65, 85, 55, 'Guts'),
(69, 50, 75, 35, 70, 30, 40, 'Chlorophyll'),
(70, 65, 90, 50, 85, 45, 55, 'Chlorophyll'),
(71, 80, 105, 65, 100, 70, 70, 'Chlorophyll'),
(72, 40, 40, 35, 50, 100, 70, 'Clear Body'),
(73, 80, 70, 65, 80, 120, 100, 'Clear Body'),
(74, 40, 80, 100, 30, 30, 20, 'Rock Head'),
(75, 55, 95, 115, 45, 45, 35, 'Rock Head'),
(76, 80, 120, 130, 55, 65, 45, 'Rock Head'),
(77, 50, 85, 55, 65, 65, 90, 'Run Away'),
(78, 65, 100, 70, 80, 80, 105, 'Run Away'),
(79, 90, 65, 65, 40, 40, 15, 'Oblivious'),
(80, 95, 75, 110, 100, 80, 30, 'Oblivious'),
(81, 25, 35, 70, 95, 55, 45, 'Magnet Pull'),
(82, 50, 60, 95, 120, 70, 70, 'Magnet Pull'),
(83, 52, 65, 55, 58, 62, 60, 'Keen Eye'),
(84, 35, 85, 45, 35, 35, 75, 'Run Away'),
(85, 60, 110, 70, 60, 60, 100, 'Run Away'),
(86, 65, 45, 55, 45, 70, 45, 'Thick Fat'),
(87, 90, 70, 80, 70, 95, 70, 'Thick Fat'),
(88, 80, 80, 50, 40, 50, 25, 'Stench'),
(89, 105, 105, 75, 65, 100, 50, 'Stench'),
(90, 30, 65, 100, 45, 25, 40, 'Shell Armor'),
(91, 50, 95, 180, 85, 45, 70, 'Shell Armor'),
(92, 30, 35, 30, 100, 35, 80, 'Levitate'),
(93, 45, 50, 45, 115, 55, 95, 'Levitate'),
(94, 60, 65, 60, 130, 75, 110, 'Levitate'),
(95, 35, 45, 160, 30, 45, 70, 'Rock Head'),
(96, 60, 48, 45, 43, 90, 42, 'Insomnia'),
(97, 85, 73, 70, 73, 115, 67, 'Insomnia'),
(98, 30, 105, 90, 25, 25, 50, 'Hyper Cutter'),
(99, 55, 130, 115, 50, 50, 75, 'Hyper Cutter'),
(100, 40, 30, 50, 55, 55, 100, 'Soundproof'),
(101, 60, 50, 70, 80, 80, 140, 'Soundproof'),
(102, 60, 40, 80, 60, 45, 40, 'Chlorophyll'),
(103, 95, 95, 85, 125, 75, 55, 'Chlorophyll'),
(104, 50, 50, 95, 40, 50, 35, 'Rock Head'),
(105, 60, 80, 110, 50, 80, 45, 'Rock Head'),
(106, 50, 120, 53, 35, 110, 87, 'Reckless'),
(107, 50, 105, 79, 35, 110, 76, 'Iron Fist'),
(108, 90, 55, 75, 60, 75, 30, 'Own Tempo'),
(109, 40, 65, 95, 60, 45, 25, 'Levitate'),
(110, 65, 90, 120, 85, 70, 60, 'Levitate'),
(111, 80, 85, 95, 30, 30, 25, 'Lightning Rod'),
(112, 105, 130, 120, 45, 45, 40, 'Lightning Rod'),
(113, 250, 5, 5, 35, 105, 50, 'Natural Cure'),
(114, 65, 55, 115, 100, 40, 60, 'Chlorophyll'),
(115, 105, 95, 80, 40, 80, 90, 'Early Bird'),
(116, 30, 40, 70, 60, 25, 60, 'Swift Swim'),
(117, 55, 65, 95, 95, 45, 85, 'Poison Point'),
(118, 45, 67, 60, 35, 50, 63, 'Swift Swim'),
(119, 80, 92, 65, 65, 80, 68, 'Lightning Rod'),
(120, 30, 45, 55, 70, 55, 85, 'Illuminate'),
(121, 60, 75, 85, 100, 85, 115, 'Illuminate'),
(122, 40, 45, 65, 100, 120, 90, 'Soundproof'),
(123, 70, 110, 80, 55, 80, 105, 'Swarm'),
(124, 65, 50, 35, 115, 95, 95, 'Oblivious'),
(125, 65, 83, 57, 95, 85, 105, 'Static'),
(126, 65, 95, 57, 100, 85, 93, 'Flame Body'),
(127, 65, 125, 100, 55, 70, 85, 'Hyper Cutter'),
(128, 75, 100, 95, 40, 70, 110, 'Intimidate'),
(129, 20, 10, 55, 15, 20, 80, 'Swift Swim'),
(130, 95, 125, 79, 60, 100, 81, 'Intimidate'),
(131, 130, 85, 80, 85, 95, 60, 'Water Absorb'),
(132, 48, 48, 48, 48, 48, 48, 'Imposter'),
(133, 55, 55, 50, 45, 65, 55, 'Run Away'),
(134, 130, 65, 60, 110, 95, 65, 'Water Absorb'),
(135, 65, 65, 60, 110, 95, 130, 'Volt Absorb'),
(136, 65, 130, 60, 95, 110, 65, 'Flash Fire'),
(137, 65, 60, 70, 85, 75, 40, 'Trace'),
(138, 35, 40, 100, 90, 55, 35, 'Shell Armor'),
(139, 70, 60, 125, 115, 70, 55, 'Swift Swim'),
(140, 30, 80, 90, 55, 45, 55, 'Swift Swim'),
(141, 60, 115, 105, 65, 70, 80, 'Swift Swim'),
(142, 80, 105, 65, 60, 75, 130, 'Pressure'),
(143, 160, 110, 65, 65, 110, 30, 'Immunity'),
(144, 90, 85, 100, 95, 125, 85, 'Pressure'),
(145, 90, 90, 85, 125, 90, 100, 'Pressure'),
(146, 90, 100, 90, 125, 85, 90, 'Pressure'),
(147, 41, 64, 45, 50, 50, 50, 'Shed Skin'),
(148, 61, 84, 65, 70, 70, 70, 'Shed Skin'),
(149, 91, 134, 95, 100, 100, 80, 'Inner Focus'),
(150, 106, 110, 90, 154, 90, 130, 'Pressure'),
(151, 100, 100, 100, 100, 100, 100, 'Synchronize'),
(152, 45, 49, 65, 49, 65, 45, 'Overgrow'),
(153, 60, 62, 80, 63, 80, 60, 'Overgrow'),
(154, 80, 82, 100, 83, 100, 80, 'Overgrow'),
(155, 39, 52, 43, 60, 50, 65, 'Blaze'),
(156, 58, 64, 58, 80, 65, 80, 'Blaze'),
(157, 78, 84, 78, 109, 85, 100, 'Blaze'),
(158, 50, 65, 64, 44, 48, 43, 'Torrent'),
(159, 65, 80, 80, 59, 63, 58, 'Torrent'),
(160, 85, 105, 100, 79, 83, 78, 'Torrent'),
(161, 20, 40, 15, 35, 35, 60, 'Static'),
(162, 50, 25, 28, 45, 55, 15, 'Cute Charm'),
(163, 90, 30, 15, 45, 20, 15, 'Cute Charm'),
(164, 35, 20, 65, 40, 65, 20, 'Serene Grace'),
(165, 55, 40, 85, 80, 105, 40, 'Serene Grace'),
(166, 70, 20, 50, 20, 50, 40, 'Thick Fat'),
(167, 100, 50, 80, 60, 80, 50, 'Thick Fat'),
(168, 70, 100, 115, 50, 80, 70, 'Rock Head'),
(169, 65, 65, 60, 130, 95, 110, 'Synchronize'),
(170, 95, 65, 110, 60, 130, 65, 'Synchronize'),
(171, 60, 95, 85, 85, 75, 45, 'Intimidate'),
(172, 95, 75, 80, 50, 110, 30, 'Natural Cure'),
(173, 60, 60, 60, 60, 60, 110, 'Levitate'),
(174, 48, 48, 48, 48, 48, 48, 'Levitate'),
(175, 48, 48, 48, 48, 48, 48, 'Shadow Tag'),
(176, 65, 35, 35, 60, 45, 75, 'Hyper Cutter'),
(177, 75, 85, 200, 55, 65, 30, 'Sturdy'),
(178, 75, 95, 70, 55, 60, 60, 'Technician'),
(179, 65, 125, 85, 40, 95, 85, 'Swarm'),
(180, 60, 65, 30, 95, 40, 65, 'Early Bird'),
(181, 70, 110, 60, 95, 115, 115, 'Early Bird'),
(182, 75, 65, 95, 95, 95, 45, 'Intimidate'),
(183, 50, 70, 80, 35, 70, 30, 'Sturdy'),
(184, 90, 120, 120, 60, 60, 50, 'Sturdy'),
(185, 60, 95, 45, 70, 95, 70, 'Inner Focus'),
(186, 90, 75, 85, 75, 75, 85, 'Pressure'),
(187, 100, 115, 85, 90, 90, 85, 'Pressure'),
(188, 100, 75, 115, 90, 115, 85, 'Pressure'),
(189, 55, 64, 45, 50, 50, 50, 'Guts'),
(190, 75, 84, 65, 70, 70, 65, 'Guts'),
(191, 100, 134, 95, 100, 85, 61, 'Sand Stream'),
(192, 106, 90, 130, 90, 154, 130, 'Pressure'),
(193, 106, 130, 90, 110, 154, 90, 'Pressure'),
(194, 100, 100, 100, 100, 100, 100, 'Natural Cure'),
(195, 50, 70, 35, 70, 45, 35, 'Overgrow'),
(196, 50, 85, 40, 85, 65, 70, 'Overgrow'),
(197, 70, 110, 50, 105, 85, 70, 'Overgrow'),
(198, 45, 60, 40, 70, 50, 45, 'Blaze'),
(199, 60, 85, 50, 85, 55, 65, 'Blaze'),
(200, 80, 120, 70, 110, 80, 80, 'Blaze'),
(201, 50, 70, 50, 50, 50, 65, 'Torrent'),
(202, 70, 85, 70, 60, 60, 50, 'Torrent'),
(203, 100, 110, 90, 85, 90, 60, 'Torrent'),
(204, 80, 70, 70, 60, 90, 100, 'Swift Swim'),
(205, 40, 55, 45, 40, 40, 55, 'Keen Eye'),
(206, 60, 75, 50, 40, 40, 85, 'Guts'),
(207, 28, 25, 25, 45, 40, 60, 'Synchronize'),
(208, 38, 35, 35, 65, 55, 55, 'Synchronize'),
(209, 68, 65, 65, 125, 115, 80, 'Synchronize'),
(210, 144, 120, 30, 100, 100, 50, 'Thick Fat'),
(211, 50, 75, 75, 65, 65, 50, 'Keen Eye'),
(212, 50, 75, 50, 95, 85, 70, 'Rock Head'),
(213, 60, 85, 80, 50, 60, 45, 'Rock Head'),
(214, 70, 110, 130, 60, 50, 40, 'Sturdy'),
(215, 95, 23, 23, 83, 23, 64, 'Marvel Scale'),
(216, 65, 130, 60, 45, 75, 75, 'Justified'),
(217, 80, 80, 80, 50, 80, 50, 'Shell Armor'),
(218, 45, 75, 35, 70, 40, 50, 'Rough Skin'),
(219, 65, 95, 50, 60, 50, 50, 'Rough Skin'),
(220, 95, 135, 80, 110, 80, 100, 'Intimidate'),
(221, 40, 55, 80, 35, 60, 30, 'Clear Body'),
(222, 60, 75, 90, 55, 80, 50, 'Clear Body'),
(223, 80, 135, 130, 95, 90, 70, 'Clear Body'),
(224, 80, 100, 200, 50, 50, 50, 'Clear Body'),
(225, 80, 50, 100, 100, 100, 50, 'Ice Body'),
(226, 80, 75, 150, 50, 150, 50, 'Keen Eye'),
(227, 80, 90, 140, 70, 150, 90, 'Levitate'),
(228, 80, 130, 100, 80, 150, 110, 'Levitate'),
(229, 100, 100, 90, 150, 140, 90, 'Drizzle'),
(230, 100, 150, 140, 100, 100, 90, 'Drought'),
(231, 105, 150, 90, 150, 90, 95, 'Air Lock'),
(232, 100, 100, 100, 100, 100, 100, 'Serene Grace'),
(233, 71, 70, 75, 85, 100, 85, 'Download'),
(234, 55, 68, 64, 45, 55, 31, 'Overgrow'),
(235, 75, 89, 85, 55, 65, 36, 'Overgrow'),
(236, 95, 109, 105, 75, 85, 56, 'Overgrow'),
(237, 45, 58, 40, 58, 40, 45, 'Blaze'),
(238, 64, 78, 52, 78, 52, 81, 'Blaze'),
(239, 76, 104, 71, 104, 71, 108, 'Blaze'),
(240, 53, 51, 53, 61, 50, 45, 'Torrent'),
(241, 64, 66, 68, 81, 76, 50, 'Torrent'),
(242, 84, 86, 88, 111, 101, 60, 'Torrent'),
(243, 40, 55, 45, 40, 40, 50, 'Keen Eye'),
(244, 55, 75, 50, 40, 40, 80, 'Keen Eye'),
(245, 85, 120, 70, 50, 60, 100, 'Keen Eye'),
(246, 45, 65, 34, 40, 30, 45, 'Rivalry'),
(247, 60, 85, 49, 60, 49, 60, 'Rivalry'),
(248, 80, 120, 79, 95, 79, 70, 'Rivalry'),
(249, 60, 45, 70, 45, 90, 95, 'Run Away'),
(250, 55, 65, 35, 60, 45, 85, 'Swift Swim'),
(251, 85, 105, 55, 85, 50, 115, 'Swift Swim'),
(252, 60, 60, 60, 105, 60, 105, 'Levitate'),
(253, 65, 70, 90, 125, 70, 70, 'Insomnia'),
(254, 58, 70, 45, 40, 45, 42, 'Rough Skin'),
(255, 68, 90, 65, 50, 55, 82, 'Rough Skin'),
(256, 108, 130, 95, 80, 85, 102, 'Rough Skin'),
(257, 135, 85, 40, 50, 40, 50, 'Thick Fat'),
(258, 40, 70, 35, 35, 60, 60, 'Steadfast'),
(259, 70, 110, 70, 115, 70, 90, 'Justified'),
(260, 115, 140, 130, 55, 55, 40, 'Solid Rock'),
(261, 100, 100, 125, 100, 110, 50, 'Chlorophyll'),
(262, 75, 123, 67, 95, 85, 95, 'Motor Drive'),
(263, 75, 95, 67, 100, 95, 83, 'Flame Body'),
(264, 65, 110, 130, 60, 60, 95, 'Leaf Guard'),
(265, 65, 60, 130, 60, 110, 95, 'Snow Cloak'),
(266, 75, 95, 125, 45, 75, 95, 'Poison Heal'),
(267, 68, 125, 65, 65, 115, 80, 'Steadfast'),
(268, 80, 120, 120, 150, 100, 90, 'Pressure'),
(269, 90, 100, 120, 150, 100, 90, 'Pressure'),
(270, 91, 90, 106, 130, 106, 77, 'Flash Fire'),
(271, 110, 160, 110, 160, 110, 100, 'Slow Start'),
(272, 150, 100, 120, 100, 120, 90, 'Pressure'),
(273, 120, 85, 70, 75, 130, 85, 'Levitate'),
(274, 70, 90, 90, 135, 90, 125, 'Bad Dreams'),
(275, 100, 100, 100, 100, 100, 100, 'Natural Cure'),
(276, 120, 120, 120, 120, 120, 120, 'Multitype'),
(277, 100, 100, 100, 100, 100, 100, 'Victory Star'),
(278, 45, 45, 45, 45, 60, 63, 'Overgrow'),
(279, 60, 60, 60, 60, 75, 83, 'Overgrow'),
(280, 75, 75, 75, 75, 113, 113, 'Overgrow'),
(281, 65, 63, 45, 45, 45, 45, 'Blaze'),
(282, 90, 93, 55, 70, 55, 55, 'Blaze'),
(283, 110, 123, 65, 100, 65, 65, 'Blaze'),
(284, 55, 55, 45, 45, 63, 45, 'Torrent'),
(285, 75, 75, 60, 83, 60, 60, 'Torrent'),
(286, 95, 100, 85, 108, 85, 70, 'Torrent'),
(287, 50, 75, 70, 35, 70, 48, 'Shed Skin'),
(288, 65, 90, 115, 45, 115, 58, 'Shed Skin'),
(289, 40, 65, 40, 80, 55, 65, 'Illusion'),
(290, 60, 105, 60, 120, 105, 105, 'Illusion'),
(291, 91, 90, 75, 90, 115, 115, 'Justified'),
(292, 91, 129, 90, 72, 90, 108, 'Justified'),
(293, 91, 90, 75, 90, 115, 108, 'Justified'),
(294, 100, 120, 100, 170, 100, 120, 'Turboblaze'),
(295, 100, 150, 120, 120, 100, 90, 'Teravolt'),
(296, 125, 120, 90, 170, 100, 95, 'Pressure'),
(297, 71, 120, 95, 120, 120, 99, 'Download'),
(298, 41, 56, 40, 62, 44, 71, 'Torrent'),
(299, 54, 63, 52, 83, 56, 97, 'Torrent'),
(300, 72, 95, 67, 103, 71, 122, 'Torrent'),
(301, 55, 45, 40, 45, 40, 55, 'Infiltrator'),
(302, 85, 70, 80, 97, 80, 123, 'Infiltrator'),
(303, 126, 131, 95, 131, 98, 99, 'Fairy Aura'),
(304, 126, 131, 95, 131, 98, 99, 'Dark Aura'),
(305, 108, 95, 90, 100, 85, 90, 'Aura Break'),
(306, 80, 110, 80, 110, 150, 130, 'Magician'),
(307, 65, 65, 45, 60, 45, 30, 'Blaze'),
(308, 90, 85, 50, 80, 50, 90, 'Blaze'),
(309, 95, 115, 85, 80, 90, 60, 'Blaze'),
(310, 100, 100, 100, 100, 100, 100, 'Prism Armor'),
(311, 85, 120, 80, 100, 80, 142, 'Infiltrator'),
(312, 92, 130, 115, 80, 115, 138, 'Intrepid Sword'),
(313, 92, 130, 145, 80, 100, 128, 'Dauntless Shield'),
(314, 85, 85, 55, 145, 125, 130, 'Pressure'),
(315, 94, 135, 115, 85, 100, 135, 'Orichalcum Pulse'),
(316, 100, 85, 100, 115, 115, 135, 'Hadron Engine');

-- --------------------------------------------------------

--
-- Table structure for table `pokemon_type`
--

CREATE TABLE `pokemon_type` (
  `dex_No` int(11) NOT NULL,
  `primary_type` varchar(20) NOT NULL,
  `secondary_type` varchar(20) DEFAULT NULL
) ENGINE=InnoDB DEFAULT CHARSET=utf8mb4 COLLATE=utf8mb4_general_ci;

--
-- Dumping data for table `pokemon_type`
--

INSERT INTO `pokemon_type` (`dex_No`, `primary_type`, `secondary_type`) VALUES
(1, 'Grass', 'Poison'),
(2, 'Grass', 'Poison'),
(3, 'Grass', 'Poison'),
(4, 'Fire', NULL),
(5, 'Fire', NULL),
(6, 'Fire', 'Flying'),
(7, 'Water', NULL),
(8, 'Water', NULL),
(9, 'Water', NULL),
(10, 'Bug', NULL),
(11, 'Bug', NULL),
(12, 'Bug', 'Flying'),
(13, 'Bug', 'Poison'),
(14, 'Bug', 'Poison'),
(15, 'Bug', 'Poison'),
(16, 'Normal', 'Flying'),
(17, 'Normal', 'Flying'),
(18, 'Normal', 'Flying'),
(19, 'Normal', NULL),
(20, 'Normal', NULL),
(21, 'Normal', 'Flying'),
(22, 'Normal', 'Flying'),
(23, 'Poison', NULL),
(24, 'Poison', NULL),
(25, 'Electric', NULL),
(26, 'Electric', NULL),
(27, 'Ground', NULL),
(28, 'Ground', NULL),
(29, 'Poison', NULL),
(30, 'Poison', NULL),
(31, 'Poison', 'Ground'),
(32, 'Poison', NULL),
(33, 'Poison', NULL),
(34, 'Poison', 'Ground'),
(35, 'Fairy', NULL),
(36, 'Fairy', NULL),
(37, 'Fire', NULL),
(38, 'Fire', NULL),
(39, 'Normal', 'Fairy'),
(40, 'Normal', 'Fairy'),
(41, 'Poison', 'Flying'),
(42, 'Poison', 'Flying'),
(43, 'Grass', 'Poison'),
(44, 'Grass', 'Poison'),
(45, 'Grass', 'Poison'),
(46, 'Bug', 'Grass'),
(47, 'Bug', 'Grass'),
(48, 'Bug', 'Poison'),
(49, 'Bug', 'Poison'),
(50, 'Ground', NULL),
(51, 'Ground', NULL),
(52, 'Normal', NULL),
(53, 'Normal', NULL),
(54, 'Water', NULL),
(55, 'Water', NULL),
(56, 'Fighting', NULL),
(57, 'Fighting', NULL),
(58, 'Fire', NULL),
(59, 'Fire', NULL),
(60, 'Water', NULL),
(61, 'Water', NULL),
(62, 'Water', 'Fighting'),
(63, 'Psychic', NULL),
(64, 'Psychic', NULL),
(65, 'Psychic', NULL),
(66, 'Fighting', NULL),
(67, 'Fighting', NULL),
(68, 'Fighting', NULL),
(69, 'Grass', 'Poison'),
(70, 'Grass', 'Poison'),
(71, 'Grass', 'Poison'),
(72, 'Water', 'Poison'),
(73, 'Water', 'Poison'),
(74, 'Rock', 'Ground'),
(75, 'Rock', 'Ground'),
(76, 'Rock', 'Ground'),
(77, 'Fire', NULL),
(78, 'Fire', NULL),
(79, 'Water', 'Psychic'),
(80, 'Water', 'Psychic'),
(81, 'Electric', 'Steel'),
(82, 'Electric', 'Steel'),
(83, 'Normal', 'Flying'),
(84, 'Normal', 'Flying'),
(85, 'Normal', 'Flying'),
(86, 'Water', 'Ice'),
(87, 'Water', 'Ice'),
(88, 'Poison', NULL),
(89, 'Poison', NULL),
(90, 'Water', 'Ice'),
(91, 'Water', 'Ice'),
(92, 'Ghost', 'Poison'),
(93, 'Ghost', 'Poison'),
(94, 'Ghost', 'Poison'),
(95, 'Rock', 'Ground'),
(96, 'Psychic', NULL),
(97, 'Psychic', NULL),
(98, 'Water', NULL),
(99, 'Water', NULL),
(100, 'Electric', NULL),
(101, 'Electric', NULL),
(102, 'Grass', 'Psychic'),
(103, 'Grass', 'Psychic'),
(104, 'Ground', NULL),
(105, 'Ground', NULL),
(106, 'Fighting', NULL),
(107, 'Fighting', NULL),
(108, 'Normal', NULL),
(109, 'Poison', NULL),
(110, 'Poison', NULL),
(111, 'Ground', 'Rock'),
(112, 'Ground', 'Rock'),
(113, 'Normal', NULL),
(114, 'Grass', NULL),
(115, 'Normal', NULL),
(116, 'Water', NULL),
(117, 'Water', NULL),
(118, 'Water', NULL),
(119, 'Water', NULL),
(120, 'Water', 'Psychic'),
(121, 'Water', 'Psychic'),
(122, 'Psychic', 'Fairy'),
(123, 'Bug', 'Flying'),
(124, 'Ice', 'Psychic'),
(125, 'Electric', NULL),
(126, 'Fire', NULL),
(127, 'Bug', NULL),
(128, 'Normal', NULL),
(129, 'Water', NULL),
(130, 'Water', 'Flying'),
(131, 'Water', 'Ice'),
(132, 'Normal', NULL),
(133, 'Normal', NULL),
(134, 'Water', NULL),
(135, 'Electric', NULL),
(136, 'Fire', NULL),
(137, 'Normal', NULL),
(138, 'Rock', 'Water'),
(139, 'Rock', 'Water'),
(140, 'Rock', 'Water'),
(141, 'Rock', 'Water'),
(142, 'Rock', 'Flying'),
(143, 'Normal', NULL),
(144, 'Ice', 'Flying'),
(145, 'Electric', 'Flying'),
(146, 'Fire', 'Flying'),
(147, 'Dragon', 'Water'),
(148, 'Dragon', 'Water'),
(149, 'Dragon', 'Flying'),
(150, 'Psychic', NULL),
(151, 'Psychic', NULL),
(152, 'Grass', NULL),
(153, 'Grass', NULL),
(154, 'Grass', NULL),
(155, 'Fire', NULL),
(156, 'Fire', NULL),
(157, 'Fire', NULL),
(158, 'Water', NULL),
(159, 'Water', NULL),
(160, 'Water', NULL),
(161, 'Electric', NULL),
(162, 'Fairy', NULL),
(163, 'Normal', NULL),
(164, 'Fairy', NULL),
(165, 'Fairy', NULL),
(166, 'Water', NULL),
(167, 'Water', NULL),
(168, 'Rock', NULL),
(169, 'Psychic', NULL),
(170, 'Dark', NULL),
(171, 'Flying', 'Dark'),
(172, 'Water', 'Psychic'),
(173, 'Ghost', NULL),
(174, 'Psychic', NULL),
(175, 'Psychic', NULL),
(176, 'Ground', 'Flying'),
(177, 'Steel', 'Ground'),
(178, 'Bug', 'Steel'),
(179, 'Bug', 'Fighting'),
(180, 'Dark', 'Fire'),
(181, 'Dark', 'Fire'),
(182, 'Water', 'Dragon'),
(183, 'Ground', NULL),
(184, 'Ground', NULL),
(185, 'Fighting', NULL),
(186, 'Electric', NULL),
(187, 'Fire', NULL),
(188, 'Water', NULL),
(189, 'Rock', 'Ground'),
(190, 'Rock', 'Ground'),
(191, 'Rock', 'Ground'),
(192, 'Psychic', 'Flying'),
(193, 'Fire', 'Flying'),
(194, 'Psychic', 'Grass'),
(195, 'Grass', NULL),
(196, 'Grass', NULL),
(197, 'Grass', NULL),
(198, 'Fire', NULL),
(199, 'Fire', 'Fighting'),
(200, 'Fire', 'Fighting'),
(201, 'Water', NULL),
(202, 'Water', 'Ground'),
(203, 'Water', 'Ground'),
(204, 'Water', 'Grass'),
(205, 'Normal', 'Flying'),
(206, 'Normal', 'Flying'),
(207, 'Psychic', NULL),
(208, 'Psychic', 'Fairy'),
(209, 'Psychic', 'Fairy'),
(210, 'Fighting', NULL),
(211, 'Dark', 'Ghost'),
(212, 'Steel', 'Rock'),
(213, 'Steel', 'Rock'),
(214, 'Steel', 'Rock'),
(215, 'Water', NULL),
(216, 'Dark', NULL),
(217, 'Ice', NULL),
(218, 'Dragon', NULL),
(219, 'Dragon', NULL),
(220, 'Dragon', 'Flying'),
(221, 'Steel', 'Psychic'),
(222, 'Steel', 'Psychic'),
(223, 'Steel', 'Psychic'),
(224, 'Rock', NULL),
(225, 'Ice', NULL),
(226, 'Steel', NULL),
(227, 'Dragon', 'Psychic'),
(228, 'Dragon', 'Psychic'),
(229, 'Water', NULL),
(230, 'Ground', NULL),
(231, 'Dragon', 'Flying'),
(232, 'Steel', 'Psychic'),
(233, 'Bug', 'Steel'),
(234, 'Grass', NULL),
(235, 'Grass', 'Ground'),
(236, 'Grass', 'Ground'),
(237, 'Fire', NULL),
(238, 'Fire', 'Fighting'),
(239, 'Fire', 'Fighting'),
(240, 'Water', NULL),
(241, 'Water', 'Steel'),
(242, 'Water', 'Steel'),
(243, 'Normal', 'Flying'),
(244, 'Normal', 'Flying'),
(245, 'Normal', 'Flying'),
(246, 'Electric', NULL),
(247, 'Electric', NULL),
(248, 'Electric', NULL),
(249, 'Electric', NULL),
(250, 'Water', NULL),
(251, 'Water', NULL),
(252, 'Ghost', NULL),
(253, 'Dark', 'Flying'),
(254, 'Dragon', NULL),
(255, 'Dragon', NULL),
(256, 'Dragon', 'Ground'),
(257, 'Normal', NULL),
(258, 'Fighting', NULL),
(259, 'Fighting', 'Steel'),
(260, 'Ground', 'Rock'),
(261, 'Grass', NULL),
(262, 'Electric', NULL),
(263, 'Fire', NULL),
(264, 'Grass', NULL),
(265, 'Ice', NULL),
(266, 'Ground', 'Flying'),
(267, 'Psychic', 'Fighting'),
(268, 'Steel', 'Dragon'),
(269, 'Water', 'Dragon'),
(270, 'Fire', 'Steel'),
(271, 'Normal', NULL),
(272, 'Ghost', 'Dragon'),
(273, 'Psychic', NULL),
(274, 'Dark', NULL),
(275, 'Grass', NULL),
(276, 'Normal', NULL),
(277, 'Psychic', 'Fire'),
(278, 'Grass', NULL),
(279, 'Grass', NULL),
(280, 'Grass', NULL),
(281, 'Fire', NULL),
(282, 'Fire', 'Fighting'),
(283, 'Fire', 'Fighting'),
(284, 'Water', NULL),
(285, 'Water', 'Fighting'),
(286, 'Water', 'Fighting'),
(287, 'Dark', 'Fighting'),
(288, 'Dark', 'Fighting'),
(289, 'Dark', NULL),
(290, 'Dark', NULL),
(291, 'Steel', NULL),
(292, 'Rock', NULL),
(293, 'Grass', 'Fighting'),
(294, 'Dragon', 'Fire'),
(295, 'Dragon', 'Electric'),
(296, 'Dragon', 'Ice'),
(297, 'Bug', 'Steel'),
(298, 'Water', NULL),
(299, 'Water', NULL),
(300, 'Water', 'Dark'),
(301, 'Flying', 'Dragon'),
(302, 'Flying', 'Dragon'),
(303, 'Fairy', NULL),
(304, 'Dark', 'Flying'),
(305, 'Dragon', 'Ground'),
(306, 'Psychic', 'Ghost'),
(307, 'Fire', NULL),
(308, 'Fire', NULL),
(309, 'Fire', 'Dark'),
(310, 'Psychic', 'Dragon'),
(311, 'Ghost', 'Dragon'),
(312, 'Fairy', NULL),
(313, 'Fighting', 'Steel'),
(314, 'Poison', 'Dragon'),
(315, 'Dragon', 'Fighting'),
(316, 'Electric', 'Dragon');

-- --------------------------------------------------------

--
-- Table structure for table `releases`
--

CREATE TABLE `releases` (
  `Generation` int(11) NOT NULL,
  `Dex_Entry` int(11) NOT NULL
) ENGINE=InnoDB DEFAULT CHARSET=utf8mb4 COLLATE=utf8mb4_general_ci;

--
-- Dumping data for table `releases`
--

INSERT INTO `releases` (`Generation`, `Dex_Entry`) VALUES
(1, 1),
(1, 2),
(1, 3),
(1, 4),
(1, 5),
(1, 6),
(1, 7),
(1, 8),
(1, 9),
(1, 10),
(1, 11),
(1, 12),
(1, 13),
(1, 14),
(1, 15),
(1, 16),
(1, 17),
(1, 18),
(1, 19),
(1, 20),
(1, 21),
(1, 22),
(1, 23),
(1, 24),
(1, 25),
(1, 26),
(1, 27),
(1, 28),
(1, 29),
(1, 30),
(1, 31),
(1, 32),
(1, 33),
(1, 34),
(1, 35),
(1, 36),
(1, 37),
(1, 38),
(1, 39),
(1, 40),
(1, 41),
(1, 42),
(1, 43),
(1, 44),
(1, 45),
(1, 46),
(1, 47),
(1, 48),
(1, 49),
(1, 50),
(1, 51),
(1, 52),
(1, 53),
(1, 54),
(1, 55),
(1, 56),
(1, 57),
(1, 58),
(1, 59),
(1, 60),
(1, 61),
(1, 62),
(1, 63),
(1, 64),
(1, 65),
(1, 66),
(1, 67),
(1, 68),
(1, 69),
(1, 70),
(1, 71),
(1, 72),
(1, 73),
(1, 74),
(1, 75),
(1, 76),
(1, 77),
(1, 78),
(1, 79),
(1, 80),
(1, 81),
(1, 82),
(1, 83),
(1, 84),
(1, 85),
(1, 86),
(1, 87),
(1, 88),
(1, 89),
(1, 90),
(1, 91),
(1, 92),
(1, 93),
(1, 94),
(1, 95),
(1, 96),
(1, 97),
(1, 98),
(1, 99),
(1, 100),
(1, 101),
(1, 102),
(1, 103),
(1, 104),
(1, 105),
(1, 106),
(1, 107),
(1, 108),
(1, 109),
(1, 110),
(1, 111),
(1, 112),
(1, 113),
(1, 114),
(1, 115),
(1, 116),
(1, 117),
(1, 118),
(1, 119),
(1, 120),
(1, 121),
(1, 122),
(1, 123),
(1, 124),
(1, 125),
(1, 126),
(1, 127),
(1, 128),
(1, 129),
(1, 130),
(1, 131),
(1, 132),
(1, 133),
(1, 134),
(1, 135),
(1, 136),
(1, 137),
(1, 138),
(1, 139),
(1, 140),
(1, 141),
(1, 142),
(1, 143),
(1, 144),
(1, 145),
(1, 146),
(1, 147),
(1, 148),
(1, 149),
(1, 150),
(1, 151),
(2, 152),
(2, 153),
(2, 154),
(2, 155),
(2, 156),
(2, 157),
(2, 158),
(2, 159),
(2, 160),
(2, 161),
(2, 162),
(2, 163),
(2, 164),
(2, 165),
(2, 166),
(2, 167),
(2, 168),
(2, 169),
(2, 170),
(2, 171),
(2, 172),
(2, 173),
(2, 174),
(2, 175),
(2, 176),
(2, 177),
(2, 178),
(2, 179),
(2, 180),
(2, 181),
(2, 182),
(2, 183),
(2, 184),
(2, 185),
(2, 186),
(2, 187),
(2, 188),
(2, 189),
(2, 190),
(2, 191),
(2, 192),
(2, 193),
(2, 194),
(3, 195),
(3, 196),
(3, 197),
(3, 198),
(3, 199),
(3, 200),
(3, 201),
(3, 202),
(3, 203),
(3, 204),
(3, 205),
(3, 206),
(3, 207),
(3, 208),
(3, 209),
(3, 210),
(3, 211),
(3, 212),
(3, 213),
(3, 214),
(3, 215),
(3, 216),
(3, 217),
(3, 218),
(3, 219),
(3, 220),
(3, 221),
(3, 222),
(3, 223),
(3, 224),
(3, 225),
(3, 226),
(3, 227),
(3, 228),
(3, 229),
(3, 230),
(3, 231),
(3, 232),
(3, 233),
(4, 234),
(4, 235),
(4, 236),
(4, 237),
(4, 238),
(4, 239),
(4, 240),
(4, 241),
(4, 242),
(4, 243),
(4, 244),
(4, 245),
(4, 246),
(4, 247),
(4, 248),
(4, 249),
(4, 250),
(4, 251),
(4, 252),
(4, 253),
(4, 254),
(4, 255),
(4, 256),
(4, 257),
(4, 258),
(4, 259),
(4, 260),
(4, 261),
(4, 262),
(4, 263),
(4, 264),
(4, 265),
(4, 266),
(4, 267),
(4, 268),
(4, 269),
(4, 270),
(4, 271),
(4, 272),
(4, 273),
(4, 274),
(4, 275),
(4, 276),
(5, 277),
(5, 278),
(5, 279),
(5, 280),
(5, 281),
(5, 282),
(5, 283),
(5, 284),
(5, 285),
(5, 286),
(5, 287),
(5, 288),
(5, 289),
(5, 290),
(5, 291),
(5, 292),
(5, 293),
(5, 294),
(5, 295),
(5, 296),
(5, 297),
(6, 298),
(6, 299),
(6, 300),
(6, 301),
(6, 302),
(6, 303),
(6, 304),
(6, 305),
(6, 306),
(6, 307),
(7, 307),
(7, 308),
(7, 309),
(7, 310),
(8, 311),
(8, 312),
(8, 313),
(8, 314),
(9, 315),
(9, 316);

-- --------------------------------------------------------

--
-- Table structure for table `resistance`
--

CREATE TABLE `resistance` (
  `Type_name` varchar(50) DEFAULT NULL,
  `Resistance_type` varchar(50) DEFAULT NULL
) ENGINE=InnoDB DEFAULT CHARSET=utf8mb4 COLLATE=utf8mb4_general_ci;

--
-- Dumping data for table `resistance`
--

INSERT INTO `resistance` (`Type_name`, `Resistance_type`) VALUES
('Bug', 'Fighting'),
('Bug', 'Grass'),
('Bug', 'Ground'),
('Dark', 'Ghost'),
('Dark', 'Psychic'),
('Dragon', 'Electric'),
('Dragon', 'Fire'),
('Dragon', 'Grass'),
('Dragon', 'Water'),
('Electric', 'Electric'),
('Electric', 'Flying'),
('Electric', 'Steel'),
('Fairy', 'Bug'),
('Fairy', 'Dark'),
('Fairy', 'Fighting'),
('Fighting', 'Bug'),
('Fighting', 'Dark'),
('Fighting', 'Rock'),
('Fire', 'Bug'),
('Fire', 'Fire'),
('Fire', 'Grass'),
('Fire', 'Ice'),
('Fire', 'Steel'),
('Flying', 'Bug'),
('Flying', 'Fighting'),
('Flying', 'Grass'),
('Ghost', 'Bug'),
('Ghost', 'Poison'),
('Grass', 'Electric'),
('Grass', 'Flying'),
('Grass', 'Grass'),
('Grass', 'Ground'),
('Grass', 'Water'),
('Ground', 'Electric'),
('Ground', 'Poison'),
('Ground', 'Rock'),
('Ice', 'Ice'),
('Ice', 'Steel'),
('Normal', 'Ghost'),
('Normal', 'Steel'),
('Poison', 'Bug'),
('Poison', 'Fairy'),
('Poison', 'Fighting'),
('Poison', 'Grass'),
('Psychic', 'Fighting'),
('Psychic', 'Psychic'),
('Rock', 'Bug'),
('Rock', 'Fire'),
('Rock', 'Flying'),
('Rock', 'Normal'),
('Rock', 'Poison'),
('Rock', 'Steel'),
('Steel', 'Bug'),
('Steel', 'Dragon'),
('Steel', 'Flying'),
('Steel', 'Grass'),
('Steel', 'Ice'),
('Steel', 'Normal'),
('Steel', 'Psychic'),
('Steel', 'Rock'),
('Steel', 'Steel'),
('Water', 'Fire'),
('Water', 'Ice'),
('Water', 'Steel'),
('Water', 'Water');

-- --------------------------------------------------------

--
-- Table structure for table `trainers`
--

CREATE TABLE `trainers` (
  `Trainer_ID` int(11) NOT NULL,
  `trainer_name` varchar(255) DEFAULT NULL,
  `trainer_pass` varchar(255) DEFAULT NULL
) ENGINE=InnoDB DEFAULT CHARSET=utf8mb4 COLLATE=utf8mb4_general_ci;

--
-- Dumping data for table `trainers`
--

INSERT INTO `trainers` (`Trainer_ID`, `trainer_name`, `trainer_pass`) VALUES
(1, 'joji', '$2y$10$d8qlasT/WLe4QEVbMLW/JuubcxclYMxeq.PC61jlEdNymhpMqkyCG'),
(4, 'nk', '$2y$10$y2dWqnGkURqI6yPM5DfREO5rsbLydEK6rRKzK/qp.Gakxg8aA9iPa');

-- --------------------------------------------------------

--
-- Table structure for table `trainer_favorite_pokemon`
--

CREATE TABLE `trainer_favorite_pokemon` (
  `Trainer_ID` int(11) NOT NULL,
  `Dex_Entry` int(11) NOT NULL
) ENGINE=InnoDB DEFAULT CHARSET=utf8mb4 COLLATE=utf8mb4_general_ci;

-- --------------------------------------------------------

--
-- Table structure for table `type`
--

CREATE TABLE `type` (
  `Type_name` varchar(50) NOT NULL
) ENGINE=InnoDB DEFAULT CHARSET=utf8mb4 COLLATE=utf8mb4_general_ci;

--
-- Dumping data for table `type`
--

INSERT INTO `type` (`Type_name`) VALUES
('Bug'),
('Dark'),
('Dragon'),
('Electric'),
('Fairy'),
('Fighting'),
('Fire'),
('Flying'),
('Ghost'),
('Grass'),
('Ground'),
('Ice'),
('Normal'),
('Poison'),
('Psychic'),
('Rock'),
('Steel'),
('Water');

-- --------------------------------------------------------

--
-- Table structure for table `weakness`
--

CREATE TABLE `weakness` (
  `Type_name` varchar(50) DEFAULT NULL,
  `Weakness_type` varchar(50) DEFAULT NULL
) ENGINE=InnoDB DEFAULT CHARSET=utf8mb4 COLLATE=utf8mb4_general_ci;

--
-- Dumping data for table `weakness`
--

INSERT INTO `weakness` (`Type_name`, `Weakness_type`) VALUES
('Bug', 'Fire'),
('Bug', 'Flying'),
('Bug', 'Rock'),
('Dark', 'Bug'),
('Dark', 'Fairy'),
('Dark', 'Fighting'),
('Dragon', 'Dragon'),
('Dragon', 'Fairy'),
('Dragon', 'Ice'),
('Electric', 'Ground'),
('Fairy', 'Poison'),
('Fairy', 'Steel'),
('Fighting', 'Fairy'),
('Fighting', 'Flying'),
('Fighting', 'Psychic'),
('Fire', 'Ground'),
('Fire', 'Rock'),
('Fire', 'Water'),
('Flying', 'Electric'),
('Flying', 'Ice'),
('Flying', 'Rock'),
('Ghost', 'Dark'),
('Ghost', 'Ghost'),
('Grass', 'Bug'),
('Grass', 'Fire'),
('Grass', 'Flying'),
('Grass', 'Ice'),
('Grass', 'Poison'),
('Ground', 'Grass'),
('Ground', 'Ice'),
('Ground', 'Water'),
('Ice', 'Fighting'),
('Ice', 'Fire'),
('Ice', 'Rock'),
('Ice', 'Steel'),
('Normal', 'Fighting'),
('Poison', 'Ground'),
('Poison', 'Psychic'),
('Psychic', 'Bug'),
('Psychic', 'Dark'),
('Psychic', 'Ghost'),
('Rock', 'Fighting'),
('Rock', 'Grass'),
('Rock', 'Ground'),
('Rock', 'Water'),
('Steel', 'Fighting'),
('Steel', 'Fire'),
('Steel', 'Ground'),
('Water', 'Electric'),
('Water', 'Grass');

--
-- Indexes for dumped tables
--

--
-- Indexes for table `battle_deck`
--
ALTER TABLE `battle_deck`
  ADD PRIMARY KEY (`Deck_ID`),
  ADD KEY `Trainer_ID` (`Trainer_ID`);

--
-- Indexes for table `game`
--
ALTER TABLE `game`
  ADD PRIMARY KEY (`Generation`);

--
-- Indexes for table `game_names`
--
ALTER TABLE `game_names`
  ADD PRIMARY KEY (`Generation`,`Game_Name`);

--
-- Indexes for table `immunity`
--
ALTER TABLE `immunity`
  ADD KEY `Type_name` (`Type_name`,`Immunity_type`);

--
-- Indexes for table `moves`
--
ALTER TABLE `moves`
  ADD PRIMARY KEY (`Move_Name`);

--
-- Indexes for table `pokemon`
--
ALTER TABLE `pokemon`
  ADD PRIMARY KEY (`dex_entry`);

--
-- Indexes for table `pokemon_learns_moves`
--
ALTER TABLE `pokemon_learns_moves`
  ADD PRIMARY KEY (`Dex_Entry`,`Move_Name`),
  ADD KEY `Move_Name` (`Move_Name`);

--
-- Indexes for table `pokemon_stats`
--
ALTER TABLE `pokemon_stats`
  ADD UNIQUE KEY `Dex_No` (`Dex_No`);

--
-- Indexes for table `pokemon_type`
--
ALTER TABLE `pokemon_type`
  ADD PRIMARY KEY (`dex_No`,`primary_type`);

--
-- Indexes for table `releases`
--
ALTER TABLE `releases`
  ADD PRIMARY KEY (`Generation`,`Dex_Entry`),
  ADD KEY `Dex_Entry` (`Dex_Entry`);

--
-- Indexes for table `resistance`
--
ALTER TABLE `resistance`
  ADD KEY `Type_name` (`Type_name`,`Resistance_type`);

--
-- Indexes for table `trainers`
--
ALTER TABLE `trainers`
  ADD PRIMARY KEY (`Trainer_ID`);

--
-- Indexes for table `trainer_favorite_pokemon`
--
ALTER TABLE `trainer_favorite_pokemon`
  ADD PRIMARY KEY (`Trainer_ID`,`Dex_Entry`),
  ADD KEY `Dex_Entry` (`Dex_Entry`);

--
-- Indexes for table `type`
--
ALTER TABLE `type`
  ADD PRIMARY KEY (`Type_name`);

--
-- Indexes for table `weakness`
--
ALTER TABLE `weakness`
  ADD KEY `Type_name` (`Type_name`,`Weakness_type`);

--
-- AUTO_INCREMENT for dumped tables
--

--
-- AUTO_INCREMENT for table `trainers`
--
ALTER TABLE `trainers`
  MODIFY `Trainer_ID` int(11) NOT NULL AUTO_INCREMENT, AUTO_INCREMENT=6;

--
-- Constraints for dumped tables
--

--
-- Constraints for table `battle_deck`
--
ALTER TABLE `battle_deck`
  ADD CONSTRAINT `battle_deck_ibfk_1` FOREIGN KEY (`Trainer_ID`) REFERENCES `trainers` (`Trainer_ID`);

--
-- Constraints for table `game_names`
--
ALTER TABLE `game_names`
  ADD CONSTRAINT `game_names_ibfk_1` FOREIGN KEY (`Generation`) REFERENCES `game` (`Generation`);

--
-- Constraints for table `immunity`
--
ALTER TABLE `immunity`
  ADD CONSTRAINT `immunity_ibfk_1` FOREIGN KEY (`Type_name`) REFERENCES `type` (`Type_name`) ON DELETE CASCADE ON UPDATE CASCADE;

--
-- Constraints for table `pokemon`
--
ALTER TABLE `pokemon`
  ADD CONSTRAINT `pokemon_ibfk_1` FOREIGN KEY (`dex_entry`) REFERENCES `pokemon_learns_moves` (`Dex_Entry`) ON DELETE CASCADE ON UPDATE CASCADE;

--
-- Constraints for table `pokemon_learns_moves`
--
ALTER TABLE `pokemon_learns_moves`
  ADD CONSTRAINT `pokemon_learns_moves_ibfk_1` FOREIGN KEY (`Move_Name`) REFERENCES `moves` (`Move_Name`) ON DELETE CASCADE ON UPDATE CASCADE;

--
-- Constraints for table `pokemon_stats`
--
ALTER TABLE `pokemon_stats`
  ADD CONSTRAINT `pokemon_stats_ibfk_1` FOREIGN KEY (`Dex_No`) REFERENCES `pokemon` (`dex_entry`) ON DELETE CASCADE ON UPDATE CASCADE;

--
-- Constraints for table `pokemon_type`
--
ALTER TABLE `pokemon_type`
  ADD CONSTRAINT `pokemon_type_ibfk_1` FOREIGN KEY (`dex_No`) REFERENCES `pokemon` (`dex_entry`) ON DELETE CASCADE ON UPDATE CASCADE;

--
-- Constraints for table `releases`
--
ALTER TABLE `releases`
  ADD CONSTRAINT `releases_ibfk_1` FOREIGN KEY (`Generation`) REFERENCES `game` (`Generation`) ON DELETE CASCADE ON UPDATE CASCADE,
  ADD CONSTRAINT `releases_ibfk_2` FOREIGN KEY (`Dex_Entry`) REFERENCES `pokemon` (`dex_entry`) ON DELETE CASCADE ON UPDATE CASCADE;

--
-- Constraints for table `resistance`
--
ALTER TABLE `resistance`
  ADD CONSTRAINT `resistance_ibfk_1` FOREIGN KEY (`Type_name`) REFERENCES `type` (`Type_name`) ON DELETE SET NULL ON UPDATE SET NULL;

--
-- Constraints for table `trainer_favorite_pokemon`
--
ALTER TABLE `trainer_favorite_pokemon`
  ADD CONSTRAINT `trainer_favorite_pokemon_ibfk_1` FOREIGN KEY (`Trainer_ID`) REFERENCES `trainers` (`Trainer_ID`),
  ADD CONSTRAINT `trainer_favorite_pokemon_ibfk_2` FOREIGN KEY (`Dex_Entry`) REFERENCES `pokemon` (`dex_entry`);

--
-- Constraints for table `weakness`
--
ALTER TABLE `weakness`
  ADD CONSTRAINT `weakness_ibfk_1` FOREIGN KEY (`Type_name`) REFERENCES `type` (`Type_name`) ON DELETE CASCADE ON UPDATE CASCADE;
COMMIT;

/*!40101 SET CHARACTER_SET_CLIENT=@OLD_CHARACTER_SET_CLIENT */;
/*!40101 SET CHARACTER_SET_RESULTS=@OLD_CHARACTER_SET_RESULTS */;
/*!40101 SET COLLATION_CONNECTION=@OLD_COLLATION_CONNECTION */;
